
*** Running vivado
    with args -log axi_bram_bd_axi_smc_0.vds -m64 -product Vivado -mode batch -messageDb vivado.pb -notrace -source axi_bram_bd_axi_smc_0.tcl



****** Vivado v2021.2 (64-bit)
  **** SW Build 3367213 on Tue Oct 19 02:48:09 MDT 2021
  **** IP Build 3369179 on Thu Oct 21 08:25:16 MDT 2021
    ** Copyright 1986-2021 Xilinx, Inc. All Rights Reserved.

source axi_bram_bd_axi_smc_0.tcl -notrace
INFO: [IP_Flow 19-234] Refreshing IP repositories
INFO: [IP_Flow 19-1700] Loaded user IP repository 'd:/gp/fpga/my_ip'.
INFO: [IP_Flow 19-2313] Loaded Vivado IP repository 'D:/saumilHDLSoftwre/Vivado/2021.2/data/ip'.
Command: synth_design -top axi_bram_bd_axi_smc_0 -part xc7z020clg400-1 -mode out_of_context
Starting synth_design
Attempting to get a license for feature 'Synthesis' and/or device 'xc7z020'
INFO: [Common 17-349] Got license for feature 'Synthesis' and/or device 'xc7z020'
INFO: [Device 21-403] Loading part xc7z020clg400-1
INFO: [Synth 8-7079] Multithreading enabled for synth_design using a maximum of 2 processes.
INFO: [Synth 8-7078] Launching helper process for spawning children vivado processes
INFO: [Synth 8-7075] Helper process launched with PID 19400
---------------------------------------------------------------------------------
Starting RTL Elaboration : Time (s): cpu = 00:00:09 ; elapsed = 00:00:17 . Memory (MB): peak = 1412.609 ; gain = 0.000
---------------------------------------------------------------------------------
INFO: [Synth 8-6157] synthesizing module 'axi_bram_bd_axi_smc_0' [c:/vivado_tutorial/project_3/project_3.gen/sources_1/bd/axi_bram_bd/ip/axi_bram_bd_axi_smc_0/synth/axi_bram_bd_axi_smc_0.v:57]
INFO: [Synth 8-6157] synthesizing module 'bd_94a3' [c:/vivado_tutorial/project_3/project_3.gen/sources_1/bd/axi_bram_bd/ip/axi_bram_bd_axi_smc_0/bd_0/synth/bd_94a3.v:10]
INFO: [Synth 8-6157] synthesizing module 'clk_map_imp_JMW25P' [c:/vivado_tutorial/project_3/project_3.gen/sources_1/bd/axi_bram_bd/ip/axi_bram_bd_axi_smc_0/bd_0/synth/bd_94a3.v:2225]
INFO: [Synth 8-6157] synthesizing module 'bd_94a3_one_0' [c:/vivado_tutorial/project_3/project_3.gen/sources_1/bd/axi_bram_bd/ip/axi_bram_bd_axi_smc_0/bd_0/ip/ip_0/synth/bd_94a3_one_0.v:57]
INFO: [Synth 8-6157] synthesizing module 'xlconstant_v1_1_7_xlconstant' [c:/vivado_tutorial/project_3/project_3.gen/sources_1/bd/axi_bram_bd/ipshared/fcfc/hdl/xlconstant_v1_1_vl_rfs.v:23]
INFO: [Synth 8-6155] done synthesizing module 'xlconstant_v1_1_7_xlconstant' (1#1) [c:/vivado_tutorial/project_3/project_3.gen/sources_1/bd/axi_bram_bd/ipshared/fcfc/hdl/xlconstant_v1_1_vl_rfs.v:23]
INFO: [Synth 8-6155] done synthesizing module 'bd_94a3_one_0' (2#1) [c:/vivado_tutorial/project_3/project_3.gen/sources_1/bd/axi_bram_bd/ip/axi_bram_bd_axi_smc_0/bd_0/ip/ip_0/synth/bd_94a3_one_0.v:57]
INFO: [Synth 8-638] synthesizing module 'bd_94a3_psr_aclk_0' [c:/vivado_tutorial/project_3/project_3.gen/sources_1/bd/axi_bram_bd/ip/axi_bram_bd_axi_smc_0/bd_0/ip/ip_1/synth/bd_94a3_psr_aclk_0.vhd:74]
	Parameter C_FAMILY bound to: zynq - type: string 
	Parameter C_EXT_RST_WIDTH bound to: 4 - type: integer 
	Parameter C_AUX_RST_WIDTH bound to: 1 - type: integer 
	Parameter C_EXT_RESET_HIGH bound to: 1'b0 
	Parameter C_AUX_RESET_HIGH bound to: 1'b0 
	Parameter C_NUM_BUS_RST bound to: 1 - type: integer 
	Parameter C_NUM_PERP_RST bound to: 1 - type: integer 
	Parameter C_NUM_INTERCONNECT_ARESETN bound to: 1 - type: integer 
	Parameter C_NUM_PERP_ARESETN bound to: 1 - type: integer 
INFO: [Synth 8-3491] module 'proc_sys_reset' declared at 'c:/vivado_tutorial/project_3/project_3.gen/sources_1/bd/axi_bram_bd/ipshared/8842/hdl/proc_sys_reset_v5_0_vh_rfs.vhd:1264' bound to instance 'U0' of component 'proc_sys_reset' [c:/vivado_tutorial/project_3/project_3.gen/sources_1/bd/axi_bram_bd/ip/axi_bram_bd_axi_smc_0/bd_0/ip/ip_1/synth/bd_94a3_psr_aclk_0.vhd:129]
INFO: [Synth 8-638] synthesizing module 'proc_sys_reset' [c:/vivado_tutorial/project_3/project_3.gen/sources_1/bd/axi_bram_bd/ipshared/8842/hdl/proc_sys_reset_v5_0_vh_rfs.vhd:1323]
	Parameter INIT bound to: 1'b1 
INFO: [Synth 8-113] binding component instance 'FDRE_inst' to cell 'FDRE' [c:/vivado_tutorial/project_3/project_3.gen/sources_1/bd/axi_bram_bd/ipshared/8842/hdl/proc_sys_reset_v5_0_vh_rfs.vhd:1392]
	Parameter INIT bound to: 1'b1 
INFO: [Synth 8-113] binding component instance 'FDRE_BSR' to cell 'FDRE' [c:/vivado_tutorial/project_3/project_3.gen/sources_1/bd/axi_bram_bd/ipshared/8842/hdl/proc_sys_reset_v5_0_vh_rfs.vhd:1408]
	Parameter INIT bound to: 1'b0 
INFO: [Synth 8-113] binding component instance 'FDRE_BSR_N' to cell 'FDRE' [c:/vivado_tutorial/project_3/project_3.gen/sources_1/bd/axi_bram_bd/ipshared/8842/hdl/proc_sys_reset_v5_0_vh_rfs.vhd:1434]
	Parameter INIT bound to: 1'b1 
INFO: [Synth 8-113] binding component instance 'FDRE_PER' to cell 'FDRE' [c:/vivado_tutorial/project_3/project_3.gen/sources_1/bd/axi_bram_bd/ipshared/8842/hdl/proc_sys_reset_v5_0_vh_rfs.vhd:1457]
	Parameter INIT bound to: 1'b0 
INFO: [Synth 8-113] binding component instance 'FDRE_PER_N' to cell 'FDRE' [c:/vivado_tutorial/project_3/project_3.gen/sources_1/bd/axi_bram_bd/ipshared/8842/hdl/proc_sys_reset_v5_0_vh_rfs.vhd:1481]
INFO: [Synth 8-638] synthesizing module 'lpf' [c:/vivado_tutorial/project_3/project_3.gen/sources_1/bd/axi_bram_bd/ipshared/8842/hdl/proc_sys_reset_v5_0_vh_rfs.vhd:816]
INFO: [Synth 8-3491] module 'SRL16' declared at 'D:/saumilHDLSoftwre/Vivado/2021.2/scripts/rt/data/unisim_comp.v:105983' bound to instance 'POR_SRL_I' of component 'SRL16' [c:/vivado_tutorial/project_3/project_3.gen/sources_1/bd/axi_bram_bd/ipshared/8842/hdl/proc_sys_reset_v5_0_vh_rfs.vhd:868]
INFO: [Synth 8-6157] synthesizing module 'SRL16' [D:/saumilHDLSoftwre/Vivado/2021.2/scripts/rt/data/unisim_comp.v:105983]
INFO: [Synth 8-6155] done synthesizing module 'SRL16' (3#1) [D:/saumilHDLSoftwre/Vivado/2021.2/scripts/rt/data/unisim_comp.v:105983]
INFO: [Synth 8-638] synthesizing module 'cdc_sync' [c:/vivado_tutorial/project_3/project_3.gen/sources_1/bd/axi_bram_bd/ipshared/ef1e/hdl/lib_cdc_v1_0_rfs.vhd:106]
	Parameter INIT bound to: 1'b0 
INFO: [Synth 8-113] binding component instance 'CROSS_PLEVEL_IN2SCNDRY_IN_cdc_to' to cell 'FDR' [c:/vivado_tutorial/project_3/project_3.gen/sources_1/bd/axi_bram_bd/ipshared/ef1e/hdl/lib_cdc_v1_0_rfs.vhd:514]
	Parameter INIT bound to: 1'b0 
INFO: [Synth 8-113] binding component instance 'CROSS_PLEVEL_IN2SCNDRY_s_level_out_d2' to cell 'FDR' [c:/vivado_tutorial/project_3/project_3.gen/sources_1/bd/axi_bram_bd/ipshared/ef1e/hdl/lib_cdc_v1_0_rfs.vhd:545]
	Parameter INIT bound to: 1'b0 
INFO: [Synth 8-113] binding component instance 'CROSS_PLEVEL_IN2SCNDRY_s_level_out_d3' to cell 'FDR' [c:/vivado_tutorial/project_3/project_3.gen/sources_1/bd/axi_bram_bd/ipshared/ef1e/hdl/lib_cdc_v1_0_rfs.vhd:554]
	Parameter INIT bound to: 1'b0 
INFO: [Synth 8-113] binding component instance 'CROSS_PLEVEL_IN2SCNDRY_s_level_out_d4' to cell 'FDR' [c:/vivado_tutorial/project_3/project_3.gen/sources_1/bd/axi_bram_bd/ipshared/ef1e/hdl/lib_cdc_v1_0_rfs.vhd:564]
	Parameter INIT bound to: 1'b0 
INFO: [Synth 8-113] binding component instance 'CROSS_PLEVEL_IN2SCNDRY_s_level_out_d5' to cell 'FDR' [c:/vivado_tutorial/project_3/project_3.gen/sources_1/bd/axi_bram_bd/ipshared/ef1e/hdl/lib_cdc_v1_0_rfs.vhd:574]
	Parameter INIT bound to: 1'b0 
INFO: [Synth 8-113] binding component instance 'CROSS_PLEVEL_IN2SCNDRY_s_level_out_d6' to cell 'FDR' [c:/vivado_tutorial/project_3/project_3.gen/sources_1/bd/axi_bram_bd/ipshared/ef1e/hdl/lib_cdc_v1_0_rfs.vhd:584]
INFO: [Synth 8-256] done synthesizing module 'cdc_sync' (4#1) [c:/vivado_tutorial/project_3/project_3.gen/sources_1/bd/axi_bram_bd/ipshared/ef1e/hdl/lib_cdc_v1_0_rfs.vhd:106]
INFO: [Synth 8-256] done synthesizing module 'lpf' (5#1) [c:/vivado_tutorial/project_3/project_3.gen/sources_1/bd/axi_bram_bd/ipshared/8842/hdl/proc_sys_reset_v5_0_vh_rfs.vhd:816]
INFO: [Synth 8-638] synthesizing module 'sequence_psr' [c:/vivado_tutorial/project_3/project_3.gen/sources_1/bd/axi_bram_bd/ipshared/8842/hdl/proc_sys_reset_v5_0_vh_rfs.vhd:301]
INFO: [Synth 8-638] synthesizing module 'upcnt_n' [c:/vivado_tutorial/project_3/project_3.gen/sources_1/bd/axi_bram_bd/ipshared/8842/hdl/proc_sys_reset_v5_0_vh_rfs.vhd:125]
INFO: [Synth 8-256] done synthesizing module 'upcnt_n' (6#1) [c:/vivado_tutorial/project_3/project_3.gen/sources_1/bd/axi_bram_bd/ipshared/8842/hdl/proc_sys_reset_v5_0_vh_rfs.vhd:125]
INFO: [Synth 8-256] done synthesizing module 'sequence_psr' (7#1) [c:/vivado_tutorial/project_3/project_3.gen/sources_1/bd/axi_bram_bd/ipshared/8842/hdl/proc_sys_reset_v5_0_vh_rfs.vhd:301]
INFO: [Synth 8-256] done synthesizing module 'proc_sys_reset' (8#1) [c:/vivado_tutorial/project_3/project_3.gen/sources_1/bd/axi_bram_bd/ipshared/8842/hdl/proc_sys_reset_v5_0_vh_rfs.vhd:1323]
INFO: [Synth 8-256] done synthesizing module 'bd_94a3_psr_aclk_0' (9#1) [c:/vivado_tutorial/project_3/project_3.gen/sources_1/bd/axi_bram_bd/ip/axi_bram_bd_axi_smc_0/bd_0/ip/ip_1/synth/bd_94a3_psr_aclk_0.vhd:74]
WARNING: [Synth 8-7071] port 'mb_reset' of module 'bd_94a3_psr_aclk_0' is unconnected for instance 'psr_aclk' [c:/vivado_tutorial/project_3/project_3.gen/sources_1/bd/axi_bram_bd/ip/axi_bram_bd_axi_smc_0/bd_0/synth/bd_94a3.v:2278]
WARNING: [Synth 8-7071] port 'bus_struct_reset' of module 'bd_94a3_psr_aclk_0' is unconnected for instance 'psr_aclk' [c:/vivado_tutorial/project_3/project_3.gen/sources_1/bd/axi_bram_bd/ip/axi_bram_bd_axi_smc_0/bd_0/synth/bd_94a3.v:2278]
WARNING: [Synth 8-7071] port 'peripheral_reset' of module 'bd_94a3_psr_aclk_0' is unconnected for instance 'psr_aclk' [c:/vivado_tutorial/project_3/project_3.gen/sources_1/bd/axi_bram_bd/ip/axi_bram_bd_axi_smc_0/bd_0/synth/bd_94a3.v:2278]
WARNING: [Synth 8-7071] port 'peripheral_aresetn' of module 'bd_94a3_psr_aclk_0' is unconnected for instance 'psr_aclk' [c:/vivado_tutorial/project_3/project_3.gen/sources_1/bd/axi_bram_bd/ip/axi_bram_bd_axi_smc_0/bd_0/synth/bd_94a3.v:2278]
WARNING: [Synth 8-7023] instance 'psr_aclk' of module 'bd_94a3_psr_aclk_0' has 10 connections declared, but only 6 given [c:/vivado_tutorial/project_3/project_3.gen/sources_1/bd/axi_bram_bd/ip/axi_bram_bd_axi_smc_0/bd_0/synth/bd_94a3.v:2278]
WARNING: [Synth 8-3848] Net aresetn_out in module/entity clk_map_imp_JMW25P does not have driver. [c:/vivado_tutorial/project_3/project_3.gen/sources_1/bd/axi_bram_bd/ip/axi_bram_bd_axi_smc_0/bd_0/synth/bd_94a3.v:2253]
INFO: [Synth 8-6155] done synthesizing module 'clk_map_imp_JMW25P' (10#1) [c:/vivado_tutorial/project_3/project_3.gen/sources_1/bd/axi_bram_bd/ip/axi_bram_bd_axi_smc_0/bd_0/synth/bd_94a3.v:2225]
INFO: [Synth 8-6157] synthesizing module 'm00_exit_pipeline_imp_1GU2JW6' [c:/vivado_tutorial/project_3/project_3.gen/sources_1/bd/axi_bram_bd/ip/axi_bram_bd_axi_smc_0/bd_0/synth/bd_94a3.v:2287]
INFO: [Synth 8-6157] synthesizing module 'bd_94a3_m00e_0' [c:/vivado_tutorial/project_3/project_3.gen/sources_1/bd/axi_bram_bd/ip/axi_bram_bd_axi_smc_0/bd_0/ip/ip_31/synth/bd_94a3_m00e_0.sv:58]
INFO: [Synth 8-6157] synthesizing module 'xpm_cdc_async_rst' [D:/saumilHDLSoftwre/Vivado/2021.2/data/ip/xpm/xpm_cdc/hdl/xpm_cdc.sv:1175]
INFO: [Synth 8-6155] done synthesizing module 'xpm_cdc_async_rst' (13#1) [D:/saumilHDLSoftwre/Vivado/2021.2/data/ip/xpm/xpm_cdc/hdl/xpm_cdc.sv:1175]
INFO: [Synth 8-6155] done synthesizing module 'bd_94a3_m00e_0' (20#1) [c:/vivado_tutorial/project_3/project_3.gen/sources_1/bd/axi_bram_bd/ip/axi_bram_bd_axi_smc_0/bd_0/ip/ip_31/synth/bd_94a3_m00e_0.sv:58]
INFO: [Synth 8-6155] done synthesizing module 'm00_exit_pipeline_imp_1GU2JW6' (21#1) [c:/vivado_tutorial/project_3/project_3.gen/sources_1/bd/axi_bram_bd/ip/axi_bram_bd_axi_smc_0/bd_0/synth/bd_94a3.v:2287]
INFO: [Synth 8-6157] synthesizing module 'm00_nodes_imp_1U508WQ' [c:/vivado_tutorial/project_3/project_3.gen/sources_1/bd/axi_bram_bd/ip/axi_bram_bd_axi_smc_0/bd_0/synth/bd_94a3.v:2658]
INFO: [Synth 8-6157] synthesizing module 'bd_94a3_m00arn_0' [c:/vivado_tutorial/project_3/project_3.gen/sources_1/bd/axi_bram_bd/ip/axi_bram_bd_axi_smc_0/bd_0/ip/ip_26/synth/bd_94a3_m00arn_0.sv:58]
INFO: [Synth 8-6157] synthesizing module 'xpm_memory_sdpram' [D:/saumilHDLSoftwre/Vivado/2021.2/data/ip/xpm/xpm_memory/hdl/xpm_memory.sv:8471]
INFO: [Synth 8-6157] synthesizing module 'xpm_memory_base' [D:/saumilHDLSoftwre/Vivado/2021.2/data/ip/xpm/xpm_memory/hdl/xpm_memory.sv:57]
INFO: [Synth 8-6155] done synthesizing module 'xpm_memory_base' (27#1) [D:/saumilHDLSoftwre/Vivado/2021.2/data/ip/xpm/xpm_memory/hdl/xpm_memory.sv:57]
INFO: [Synth 8-6155] done synthesizing module 'xpm_memory_sdpram' (28#1) [D:/saumilHDLSoftwre/Vivado/2021.2/data/ip/xpm/xpm_memory/hdl/xpm_memory.sv:8471]
INFO: [Synth 8-6157] synthesizing module 'xpm_memory_sdpram__parameterized0' [D:/saumilHDLSoftwre/Vivado/2021.2/data/ip/xpm/xpm_memory/hdl/xpm_memory.sv:8471]
INFO: [Synth 8-6157] synthesizing module 'xpm_memory_base__parameterized0' [D:/saumilHDLSoftwre/Vivado/2021.2/data/ip/xpm/xpm_memory/hdl/xpm_memory.sv:57]
INFO: [Synth 8-6155] done synthesizing module 'xpm_memory_base__parameterized0' (31#1) [D:/saumilHDLSoftwre/Vivado/2021.2/data/ip/xpm/xpm_memory/hdl/xpm_memory.sv:57]
INFO: [Synth 8-6155] done synthesizing module 'xpm_memory_sdpram__parameterized0' (31#1) [D:/saumilHDLSoftwre/Vivado/2021.2/data/ip/xpm/xpm_memory/hdl/xpm_memory.sv:8471]
INFO: [Synth 8-6155] done synthesizing module 'bd_94a3_m00arn_0' (37#1) [c:/vivado_tutorial/project_3/project_3.gen/sources_1/bd/axi_bram_bd/ip/axi_bram_bd_axi_smc_0/bd_0/ip/ip_26/synth/bd_94a3_m00arn_0.sv:58]
INFO: [Synth 8-6157] synthesizing module 'bd_94a3_m00awn_0' [c:/vivado_tutorial/project_3/project_3.gen/sources_1/bd/axi_bram_bd/ip/axi_bram_bd_axi_smc_0/bd_0/ip/ip_28/synth/bd_94a3_m00awn_0.sv:58]
INFO: [Synth 8-6155] done synthesizing module 'bd_94a3_m00awn_0' (38#1) [c:/vivado_tutorial/project_3/project_3.gen/sources_1/bd/axi_bram_bd/ip/axi_bram_bd_axi_smc_0/bd_0/ip/ip_28/synth/bd_94a3_m00awn_0.sv:58]
INFO: [Synth 8-6157] synthesizing module 'bd_94a3_m00bn_0' [c:/vivado_tutorial/project_3/project_3.gen/sources_1/bd/axi_bram_bd/ip/axi_bram_bd_axi_smc_0/bd_0/ip/ip_30/synth/bd_94a3_m00bn_0.sv:58]
INFO: [Synth 8-6157] synthesizing module 'xpm_memory_sdpram__parameterized1' [D:/saumilHDLSoftwre/Vivado/2021.2/data/ip/xpm/xpm_memory/hdl/xpm_memory.sv:8471]
INFO: [Synth 8-6157] synthesizing module 'xpm_memory_base__parameterized1' [D:/saumilHDLSoftwre/Vivado/2021.2/data/ip/xpm/xpm_memory/hdl/xpm_memory.sv:57]
INFO: [Synth 8-6155] done synthesizing module 'xpm_memory_base__parameterized1' (38#1) [D:/saumilHDLSoftwre/Vivado/2021.2/data/ip/xpm/xpm_memory/hdl/xpm_memory.sv:57]
INFO: [Synth 8-6155] done synthesizing module 'xpm_memory_sdpram__parameterized1' (38#1) [D:/saumilHDLSoftwre/Vivado/2021.2/data/ip/xpm/xpm_memory/hdl/xpm_memory.sv:8471]
INFO: [Synth 8-6157] synthesizing module 'xpm_memory_sdpram__parameterized2' [D:/saumilHDLSoftwre/Vivado/2021.2/data/ip/xpm/xpm_memory/hdl/xpm_memory.sv:8471]
INFO: [Synth 8-6157] synthesizing module 'xpm_memory_base__parameterized2' [D:/saumilHDLSoftwre/Vivado/2021.2/data/ip/xpm/xpm_memory/hdl/xpm_memory.sv:57]
INFO: [Synth 8-6155] done synthesizing module 'xpm_memory_base__parameterized2' (38#1) [D:/saumilHDLSoftwre/Vivado/2021.2/data/ip/xpm/xpm_memory/hdl/xpm_memory.sv:57]
INFO: [Synth 8-6155] done synthesizing module 'xpm_memory_sdpram__parameterized2' (38#1) [D:/saumilHDLSoftwre/Vivado/2021.2/data/ip/xpm/xpm_memory/hdl/xpm_memory.sv:8471]
INFO: [Synth 8-6155] done synthesizing module 'bd_94a3_m00bn_0' (39#1) [c:/vivado_tutorial/project_3/project_3.gen/sources_1/bd/axi_bram_bd/ip/axi_bram_bd_axi_smc_0/bd_0/ip/ip_30/synth/bd_94a3_m00bn_0.sv:58]
INFO: [Synth 8-6157] synthesizing module 'bd_94a3_m00rn_0' [c:/vivado_tutorial/project_3/project_3.gen/sources_1/bd/axi_bram_bd/ip/axi_bram_bd_axi_smc_0/bd_0/ip/ip_27/synth/bd_94a3_m00rn_0.sv:58]
INFO: [Synth 8-6157] synthesizing module 'xpm_memory_sdpram__parameterized3' [D:/saumilHDLSoftwre/Vivado/2021.2/data/ip/xpm/xpm_memory/hdl/xpm_memory.sv:8471]
INFO: [Synth 8-6157] synthesizing module 'xpm_memory_base__parameterized3' [D:/saumilHDLSoftwre/Vivado/2021.2/data/ip/xpm/xpm_memory/hdl/xpm_memory.sv:57]
INFO: [Synth 8-6155] done synthesizing module 'xpm_memory_base__parameterized3' (39#1) [D:/saumilHDLSoftwre/Vivado/2021.2/data/ip/xpm/xpm_memory/hdl/xpm_memory.sv:57]
INFO: [Synth 8-6155] done synthesizing module 'xpm_memory_sdpram__parameterized3' (39#1) [D:/saumilHDLSoftwre/Vivado/2021.2/data/ip/xpm/xpm_memory/hdl/xpm_memory.sv:8471]
INFO: [Synth 8-6155] done synthesizing module 'bd_94a3_m00rn_0' (40#1) [c:/vivado_tutorial/project_3/project_3.gen/sources_1/bd/axi_bram_bd/ip/axi_bram_bd_axi_smc_0/bd_0/ip/ip_27/synth/bd_94a3_m00rn_0.sv:58]
INFO: [Synth 8-6157] synthesizing module 'bd_94a3_m00wn_0' [c:/vivado_tutorial/project_3/project_3.gen/sources_1/bd/axi_bram_bd/ip/axi_bram_bd_axi_smc_0/bd_0/ip/ip_29/synth/bd_94a3_m00wn_0.sv:58]
INFO: [Synth 8-6157] synthesizing module 'xpm_memory_sdpram__parameterized4' [D:/saumilHDLSoftwre/Vivado/2021.2/data/ip/xpm/xpm_memory/hdl/xpm_memory.sv:8471]
INFO: [Synth 8-6157] synthesizing module 'xpm_memory_base__parameterized4' [D:/saumilHDLSoftwre/Vivado/2021.2/data/ip/xpm/xpm_memory/hdl/xpm_memory.sv:57]
INFO: [Synth 8-6155] done synthesizing module 'xpm_memory_base__parameterized4' (40#1) [D:/saumilHDLSoftwre/Vivado/2021.2/data/ip/xpm/xpm_memory/hdl/xpm_memory.sv:57]
INFO: [Synth 8-6155] done synthesizing module 'xpm_memory_sdpram__parameterized4' (40#1) [D:/saumilHDLSoftwre/Vivado/2021.2/data/ip/xpm/xpm_memory/hdl/xpm_memory.sv:8471]
INFO: [Synth 8-6157] synthesizing module 'xpm_memory_sdpram__parameterized5' [D:/saumilHDLSoftwre/Vivado/2021.2/data/ip/xpm/xpm_memory/hdl/xpm_memory.sv:8471]
INFO: [Synth 8-6157] synthesizing module 'xpm_memory_base__parameterized5' [D:/saumilHDLSoftwre/Vivado/2021.2/data/ip/xpm/xpm_memory/hdl/xpm_memory.sv:57]
INFO: [Synth 8-6155] done synthesizing module 'xpm_memory_base__parameterized5' (40#1) [D:/saumilHDLSoftwre/Vivado/2021.2/data/ip/xpm/xpm_memory/hdl/xpm_memory.sv:57]
INFO: [Synth 8-6155] done synthesizing module 'xpm_memory_sdpram__parameterized5' (40#1) [D:/saumilHDLSoftwre/Vivado/2021.2/data/ip/xpm/xpm_memory/hdl/xpm_memory.sv:8471]
INFO: [Synth 8-6155] done synthesizing module 'bd_94a3_m00wn_0' (41#1) [c:/vivado_tutorial/project_3/project_3.gen/sources_1/bd/axi_bram_bd/ip/axi_bram_bd_axi_smc_0/bd_0/ip/ip_29/synth/bd_94a3_m00wn_0.sv:58]
INFO: [Synth 8-6155] done synthesizing module 'm00_nodes_imp_1U508WQ' (42#1) [c:/vivado_tutorial/project_3/project_3.gen/sources_1/bd/axi_bram_bd/ip/axi_bram_bd_axi_smc_0/bd_0/synth/bd_94a3.v:2658]
INFO: [Synth 8-6157] synthesizing module 'bd_94a3_m00s2a_0' [c:/vivado_tutorial/project_3/project_3.gen/sources_1/bd/axi_bram_bd/ip/axi_bram_bd_axi_smc_0/bd_0/ip/ip_25/synth/bd_94a3_m00s2a_0.sv:58]
INFO: [Synth 8-6155] done synthesizing module 'bd_94a3_m00s2a_0' (44#1) [c:/vivado_tutorial/project_3/project_3.gen/sources_1/bd/axi_bram_bd/ip/axi_bram_bd_axi_smc_0/bd_0/ip/ip_25/synth/bd_94a3_m00s2a_0.sv:58]
INFO: [Synth 8-6157] synthesizing module 'm01_exit_pipeline_imp_1AYQCJA' [c:/vivado_tutorial/project_3/project_3.gen/sources_1/bd/axi_bram_bd/ip/axi_bram_bd_axi_smc_0/bd_0/synth/bd_94a3.v:2963]
INFO: [Synth 8-6157] synthesizing module 'bd_94a3_m01e_0' [c:/vivado_tutorial/project_3/project_3.gen/sources_1/bd/axi_bram_bd/ip/axi_bram_bd_axi_smc_0/bd_0/ip/ip_38/synth/bd_94a3_m01e_0.sv:58]
INFO: [Synth 8-6155] done synthesizing module 'bd_94a3_m01e_0' (46#1) [c:/vivado_tutorial/project_3/project_3.gen/sources_1/bd/axi_bram_bd/ip/axi_bram_bd_axi_smc_0/bd_0/ip/ip_38/synth/bd_94a3_m01e_0.sv:58]
INFO: [Synth 8-6155] done synthesizing module 'm01_exit_pipeline_imp_1AYQCJA' (47#1) [c:/vivado_tutorial/project_3/project_3.gen/sources_1/bd/axi_bram_bd/ip/axi_bram_bd_axi_smc_0/bd_0/synth/bd_94a3.v:2963]
INFO: [Synth 8-6157] synthesizing module 'm01_nodes_imp_VZVRE4' [c:/vivado_tutorial/project_3/project_3.gen/sources_1/bd/axi_bram_bd/ip/axi_bram_bd_axi_smc_0/bd_0/synth/bd_94a3.v:3264]
INFO: [Synth 8-6157] synthesizing module 'bd_94a3_m01arn_0' [c:/vivado_tutorial/project_3/project_3.gen/sources_1/bd/axi_bram_bd/ip/axi_bram_bd_axi_smc_0/bd_0/ip/ip_33/synth/bd_94a3_m01arn_0.sv:58]
INFO: [Synth 8-6155] done synthesizing module 'bd_94a3_m01arn_0' (48#1) [c:/vivado_tutorial/project_3/project_3.gen/sources_1/bd/axi_bram_bd/ip/axi_bram_bd_axi_smc_0/bd_0/ip/ip_33/synth/bd_94a3_m01arn_0.sv:58]
INFO: [Synth 8-6157] synthesizing module 'bd_94a3_m01awn_0' [c:/vivado_tutorial/project_3/project_3.gen/sources_1/bd/axi_bram_bd/ip/axi_bram_bd_axi_smc_0/bd_0/ip/ip_35/synth/bd_94a3_m01awn_0.sv:58]
INFO: [Synth 8-6155] done synthesizing module 'bd_94a3_m01awn_0' (49#1) [c:/vivado_tutorial/project_3/project_3.gen/sources_1/bd/axi_bram_bd/ip/axi_bram_bd_axi_smc_0/bd_0/ip/ip_35/synth/bd_94a3_m01awn_0.sv:58]
INFO: [Synth 8-6157] synthesizing module 'bd_94a3_m01bn_0' [c:/vivado_tutorial/project_3/project_3.gen/sources_1/bd/axi_bram_bd/ip/axi_bram_bd_axi_smc_0/bd_0/ip/ip_37/synth/bd_94a3_m01bn_0.sv:58]
INFO: [Synth 8-6155] done synthesizing module 'bd_94a3_m01bn_0' (50#1) [c:/vivado_tutorial/project_3/project_3.gen/sources_1/bd/axi_bram_bd/ip/axi_bram_bd_axi_smc_0/bd_0/ip/ip_37/synth/bd_94a3_m01bn_0.sv:58]
INFO: [Synth 8-6157] synthesizing module 'bd_94a3_m01rn_0' [c:/vivado_tutorial/project_3/project_3.gen/sources_1/bd/axi_bram_bd/ip/axi_bram_bd_axi_smc_0/bd_0/ip/ip_34/synth/bd_94a3_m01rn_0.sv:58]
INFO: [Synth 8-6155] done synthesizing module 'bd_94a3_m01rn_0' (51#1) [c:/vivado_tutorial/project_3/project_3.gen/sources_1/bd/axi_bram_bd/ip/axi_bram_bd_axi_smc_0/bd_0/ip/ip_34/synth/bd_94a3_m01rn_0.sv:58]
INFO: [Synth 8-6157] synthesizing module 'bd_94a3_m01wn_0' [c:/vivado_tutorial/project_3/project_3.gen/sources_1/bd/axi_bram_bd/ip/axi_bram_bd_axi_smc_0/bd_0/ip/ip_36/synth/bd_94a3_m01wn_0.sv:58]
INFO: [Synth 8-6155] done synthesizing module 'bd_94a3_m01wn_0' (52#1) [c:/vivado_tutorial/project_3/project_3.gen/sources_1/bd/axi_bram_bd/ip/axi_bram_bd_axi_smc_0/bd_0/ip/ip_36/synth/bd_94a3_m01wn_0.sv:58]
INFO: [Synth 8-6155] done synthesizing module 'm01_nodes_imp_VZVRE4' (53#1) [c:/vivado_tutorial/project_3/project_3.gen/sources_1/bd/axi_bram_bd/ip/axi_bram_bd_axi_smc_0/bd_0/synth/bd_94a3.v:3264]
INFO: [Synth 8-6157] synthesizing module 'bd_94a3_m01s2a_0' [c:/vivado_tutorial/project_3/project_3.gen/sources_1/bd/axi_bram_bd/ip/axi_bram_bd_axi_smc_0/bd_0/ip/ip_32/synth/bd_94a3_m01s2a_0.sv:58]
INFO: [Synth 8-6155] done synthesizing module 'bd_94a3_m01s2a_0' (54#1) [c:/vivado_tutorial/project_3/project_3.gen/sources_1/bd/axi_bram_bd/ip/axi_bram_bd_axi_smc_0/bd_0/ip/ip_32/synth/bd_94a3_m01s2a_0.sv:58]
INFO: [Synth 8-6157] synthesizing module 'm02_exit_pipeline_imp_140OPFA' [c:/vivado_tutorial/project_3/project_3.gen/sources_1/bd/axi_bram_bd/ip/axi_bram_bd_axi_smc_0/bd_0/synth/bd_94a3.v:3569]
INFO: [Synth 8-6157] synthesizing module 'bd_94a3_m02e_0' [c:/vivado_tutorial/project_3/project_3.gen/sources_1/bd/axi_bram_bd/ip/axi_bram_bd_axi_smc_0/bd_0/ip/ip_45/synth/bd_94a3_m02e_0.sv:58]
INFO: [Synth 8-6155] done synthesizing module 'bd_94a3_m02e_0' (55#1) [c:/vivado_tutorial/project_3/project_3.gen/sources_1/bd/axi_bram_bd/ip/axi_bram_bd_axi_smc_0/bd_0/ip/ip_45/synth/bd_94a3_m02e_0.sv:58]
INFO: [Synth 8-6155] done synthesizing module 'm02_exit_pipeline_imp_140OPFA' (56#1) [c:/vivado_tutorial/project_3/project_3.gen/sources_1/bd/axi_bram_bd/ip/axi_bram_bd_axi_smc_0/bd_0/synth/bd_94a3.v:3569]
INFO: [Synth 8-6157] synthesizing module 'm02_nodes_imp_47PUPJ' [c:/vivado_tutorial/project_3/project_3.gen/sources_1/bd/axi_bram_bd/ip/axi_bram_bd_axi_smc_0/bd_0/synth/bd_94a3.v:3940]
INFO: [Synth 8-6157] synthesizing module 'bd_94a3_m02arn_0' [c:/vivado_tutorial/project_3/project_3.gen/sources_1/bd/axi_bram_bd/ip/axi_bram_bd_axi_smc_0/bd_0/ip/ip_40/synth/bd_94a3_m02arn_0.sv:58]
INFO: [Synth 8-6155] done synthesizing module 'bd_94a3_m02arn_0' (57#1) [c:/vivado_tutorial/project_3/project_3.gen/sources_1/bd/axi_bram_bd/ip/axi_bram_bd_axi_smc_0/bd_0/ip/ip_40/synth/bd_94a3_m02arn_0.sv:58]
INFO: [Synth 8-6157] synthesizing module 'bd_94a3_m02awn_0' [c:/vivado_tutorial/project_3/project_3.gen/sources_1/bd/axi_bram_bd/ip/axi_bram_bd_axi_smc_0/bd_0/ip/ip_42/synth/bd_94a3_m02awn_0.sv:58]
INFO: [Synth 8-6155] done synthesizing module 'bd_94a3_m02awn_0' (58#1) [c:/vivado_tutorial/project_3/project_3.gen/sources_1/bd/axi_bram_bd/ip/axi_bram_bd_axi_smc_0/bd_0/ip/ip_42/synth/bd_94a3_m02awn_0.sv:58]
INFO: [Synth 8-6157] synthesizing module 'bd_94a3_m02bn_0' [c:/vivado_tutorial/project_3/project_3.gen/sources_1/bd/axi_bram_bd/ip/axi_bram_bd_axi_smc_0/bd_0/ip/ip_44/synth/bd_94a3_m02bn_0.sv:58]
INFO: [Synth 8-6155] done synthesizing module 'bd_94a3_m02bn_0' (59#1) [c:/vivado_tutorial/project_3/project_3.gen/sources_1/bd/axi_bram_bd/ip/axi_bram_bd_axi_smc_0/bd_0/ip/ip_44/synth/bd_94a3_m02bn_0.sv:58]
INFO: [Synth 8-6157] synthesizing module 'bd_94a3_m02rn_0' [c:/vivado_tutorial/project_3/project_3.gen/sources_1/bd/axi_bram_bd/ip/axi_bram_bd_axi_smc_0/bd_0/ip/ip_41/synth/bd_94a3_m02rn_0.sv:58]
INFO: [Synth 8-6155] done synthesizing module 'bd_94a3_m02rn_0' (60#1) [c:/vivado_tutorial/project_3/project_3.gen/sources_1/bd/axi_bram_bd/ip/axi_bram_bd_axi_smc_0/bd_0/ip/ip_41/synth/bd_94a3_m02rn_0.sv:58]
INFO: [Synth 8-6157] synthesizing module 'bd_94a3_m02wn_0' [c:/vivado_tutorial/project_3/project_3.gen/sources_1/bd/axi_bram_bd/ip/axi_bram_bd_axi_smc_0/bd_0/ip/ip_43/synth/bd_94a3_m02wn_0.sv:58]
INFO: [Synth 8-6155] done synthesizing module 'bd_94a3_m02wn_0' (61#1) [c:/vivado_tutorial/project_3/project_3.gen/sources_1/bd/axi_bram_bd/ip/axi_bram_bd_axi_smc_0/bd_0/ip/ip_43/synth/bd_94a3_m02wn_0.sv:58]
INFO: [Synth 8-6155] done synthesizing module 'm02_nodes_imp_47PUPJ' (62#1) [c:/vivado_tutorial/project_3/project_3.gen/sources_1/bd/axi_bram_bd/ip/axi_bram_bd_axi_smc_0/bd_0/synth/bd_94a3.v:3940]
INFO: [Synth 8-6157] synthesizing module 'bd_94a3_m02s2a_0' [c:/vivado_tutorial/project_3/project_3.gen/sources_1/bd/axi_bram_bd/ip/axi_bram_bd_axi_smc_0/bd_0/ip/ip_39/synth/bd_94a3_m02s2a_0.sv:58]
INFO: [Synth 8-6155] done synthesizing module 'bd_94a3_m02s2a_0' (63#1) [c:/vivado_tutorial/project_3/project_3.gen/sources_1/bd/axi_bram_bd/ip/axi_bram_bd_axi_smc_0/bd_0/ip/ip_39/synth/bd_94a3_m02s2a_0.sv:58]
INFO: [Synth 8-6157] synthesizing module 'bd_94a3_s00a2s_0' [c:/vivado_tutorial/project_3/project_3.gen/sources_1/bd/axi_bram_bd/ip/axi_bram_bd_axi_smc_0/bd_0/ip/ip_10/synth/bd_94a3_s00a2s_0.sv:58]
INFO: [Synth 8-6155] done synthesizing module 'bd_94a3_s00a2s_0' (65#1) [c:/vivado_tutorial/project_3/project_3.gen/sources_1/bd/axi_bram_bd/ip/axi_bram_bd_axi_smc_0/bd_0/ip/ip_10/synth/bd_94a3_s00a2s_0.sv:58]
INFO: [Synth 8-6157] synthesizing module 's00_entry_pipeline_imp_GZW3ZP' [c:/vivado_tutorial/project_3/project_3.gen/sources_1/bd/axi_bram_bd/ip/axi_bram_bd_axi_smc_0/bd_0/synth/bd_94a3.v:4245]
INFO: [Synth 8-6157] synthesizing module 'bd_94a3_s00mmu_0' [c:/vivado_tutorial/project_3/project_3.gen/sources_1/bd/axi_bram_bd/ip/axi_bram_bd_axi_smc_0/bd_0/ip/ip_7/synth/bd_94a3_s00mmu_0.sv:59]
INFO: [Synth 8-6155] done synthesizing module 'bd_94a3_s00mmu_0' (70#1) [c:/vivado_tutorial/project_3/project_3.gen/sources_1/bd/axi_bram_bd/ip/axi_bram_bd_axi_smc_0/bd_0/ip/ip_7/synth/bd_94a3_s00mmu_0.sv:59]
INFO: [Synth 8-6157] synthesizing module 'bd_94a3_s00sic_0' [c:/vivado_tutorial/project_3/project_3.gen/sources_1/bd/axi_bram_bd/ip/axi_bram_bd_axi_smc_0/bd_0/ip/ip_9/synth/bd_94a3_s00sic_0.sv:59]
INFO: [Synth 8-6155] done synthesizing module 'bd_94a3_s00sic_0' (76#1) [c:/vivado_tutorial/project_3/project_3.gen/sources_1/bd/axi_bram_bd/ip/axi_bram_bd_axi_smc_0/bd_0/ip/ip_9/synth/bd_94a3_s00sic_0.sv:59]
INFO: [Synth 8-6157] synthesizing module 'bd_94a3_s00tr_0' [c:/vivado_tutorial/project_3/project_3.gen/sources_1/bd/axi_bram_bd/ip/axi_bram_bd_axi_smc_0/bd_0/ip/ip_8/synth/bd_94a3_s00tr_0.sv:58]
INFO: [Synth 8-6155] done synthesizing module 'bd_94a3_s00tr_0' (79#1) [c:/vivado_tutorial/project_3/project_3.gen/sources_1/bd/axi_bram_bd/ip/axi_bram_bd_axi_smc_0/bd_0/ip/ip_8/synth/bd_94a3_s00tr_0.sv:58]
INFO: [Synth 8-6155] done synthesizing module 's00_entry_pipeline_imp_GZW3ZP' (80#1) [c:/vivado_tutorial/project_3/project_3.gen/sources_1/bd/axi_bram_bd/ip/axi_bram_bd_axi_smc_0/bd_0/synth/bd_94a3.v:4245]
INFO: [Synth 8-6157] synthesizing module 's00_nodes_imp_BDCS33' [c:/vivado_tutorial/project_3/project_3.gen/sources_1/bd/axi_bram_bd/ip/axi_bram_bd_axi_smc_0/bd_0/synth/bd_94a3.v:4899]
INFO: [Synth 8-6157] synthesizing module 'bd_94a3_sarn_0' [c:/vivado_tutorial/project_3/project_3.gen/sources_1/bd/axi_bram_bd/ip/axi_bram_bd_axi_smc_0/bd_0/ip/ip_11/synth/bd_94a3_sarn_0.sv:58]
INFO: [Synth 8-6157] synthesizing module 'xpm_memory_sdpram__parameterized6' [D:/saumilHDLSoftwre/Vivado/2021.2/data/ip/xpm/xpm_memory/hdl/xpm_memory.sv:8471]
INFO: [Synth 8-6157] synthesizing module 'xpm_memory_base__parameterized6' [D:/saumilHDLSoftwre/Vivado/2021.2/data/ip/xpm/xpm_memory/hdl/xpm_memory.sv:57]
INFO: [Synth 8-6155] done synthesizing module 'xpm_memory_base__parameterized6' (80#1) [D:/saumilHDLSoftwre/Vivado/2021.2/data/ip/xpm/xpm_memory/hdl/xpm_memory.sv:57]
INFO: [Synth 8-6155] done synthesizing module 'xpm_memory_sdpram__parameterized6' (80#1) [D:/saumilHDLSoftwre/Vivado/2021.2/data/ip/xpm/xpm_memory/hdl/xpm_memory.sv:8471]
INFO: [Synth 8-6157] synthesizing module 'xpm_memory_sdpram__parameterized7' [D:/saumilHDLSoftwre/Vivado/2021.2/data/ip/xpm/xpm_memory/hdl/xpm_memory.sv:8471]
INFO: [Synth 8-6157] synthesizing module 'xpm_memory_base__parameterized7' [D:/saumilHDLSoftwre/Vivado/2021.2/data/ip/xpm/xpm_memory/hdl/xpm_memory.sv:57]
INFO: [Synth 8-6155] done synthesizing module 'xpm_memory_base__parameterized7' (80#1) [D:/saumilHDLSoftwre/Vivado/2021.2/data/ip/xpm/xpm_memory/hdl/xpm_memory.sv:57]
INFO: [Synth 8-6155] done synthesizing module 'xpm_memory_sdpram__parameterized7' (80#1) [D:/saumilHDLSoftwre/Vivado/2021.2/data/ip/xpm/xpm_memory/hdl/xpm_memory.sv:8471]
INFO: [Synth 8-6155] done synthesizing module 'bd_94a3_sarn_0' (81#1) [c:/vivado_tutorial/project_3/project_3.gen/sources_1/bd/axi_bram_bd/ip/axi_bram_bd_axi_smc_0/bd_0/ip/ip_11/synth/bd_94a3_sarn_0.sv:58]
INFO: [Synth 8-6157] synthesizing module 'bd_94a3_sawn_0' [c:/vivado_tutorial/project_3/project_3.gen/sources_1/bd/axi_bram_bd/ip/axi_bram_bd_axi_smc_0/bd_0/ip/ip_13/synth/bd_94a3_sawn_0.sv:58]
INFO: [Synth 8-6155] done synthesizing module 'bd_94a3_sawn_0' (82#1) [c:/vivado_tutorial/project_3/project_3.gen/sources_1/bd/axi_bram_bd/ip/axi_bram_bd_axi_smc_0/bd_0/ip/ip_13/synth/bd_94a3_sawn_0.sv:58]
INFO: [Synth 8-6157] synthesizing module 'bd_94a3_sbn_0' [c:/vivado_tutorial/project_3/project_3.gen/sources_1/bd/axi_bram_bd/ip/axi_bram_bd_axi_smc_0/bd_0/ip/ip_15/synth/bd_94a3_sbn_0.sv:58]
INFO: [Synth 8-6157] synthesizing module 'xpm_memory_sdpram__parameterized8' [D:/saumilHDLSoftwre/Vivado/2021.2/data/ip/xpm/xpm_memory/hdl/xpm_memory.sv:8471]
INFO: [Synth 8-6157] synthesizing module 'xpm_memory_base__parameterized8' [D:/saumilHDLSoftwre/Vivado/2021.2/data/ip/xpm/xpm_memory/hdl/xpm_memory.sv:57]
INFO: [Synth 8-6155] done synthesizing module 'xpm_memory_base__parameterized8' (82#1) [D:/saumilHDLSoftwre/Vivado/2021.2/data/ip/xpm/xpm_memory/hdl/xpm_memory.sv:57]
INFO: [Synth 8-6155] done synthesizing module 'xpm_memory_sdpram__parameterized8' (82#1) [D:/saumilHDLSoftwre/Vivado/2021.2/data/ip/xpm/xpm_memory/hdl/xpm_memory.sv:8471]
INFO: [Synth 8-6155] done synthesizing module 'bd_94a3_sbn_0' (83#1) [c:/vivado_tutorial/project_3/project_3.gen/sources_1/bd/axi_bram_bd/ip/axi_bram_bd_axi_smc_0/bd_0/ip/ip_15/synth/bd_94a3_sbn_0.sv:58]
INFO: [Synth 8-6157] synthesizing module 'bd_94a3_srn_0' [c:/vivado_tutorial/project_3/project_3.gen/sources_1/bd/axi_bram_bd/ip/axi_bram_bd_axi_smc_0/bd_0/ip/ip_12/synth/bd_94a3_srn_0.sv:58]
INFO: [Synth 8-6157] synthesizing module 'xpm_memory_sdpram__parameterized9' [D:/saumilHDLSoftwre/Vivado/2021.2/data/ip/xpm/xpm_memory/hdl/xpm_memory.sv:8471]
INFO: [Synth 8-6157] synthesizing module 'xpm_memory_base__parameterized9' [D:/saumilHDLSoftwre/Vivado/2021.2/data/ip/xpm/xpm_memory/hdl/xpm_memory.sv:57]
INFO: [Synth 8-6155] done synthesizing module 'xpm_memory_base__parameterized9' (83#1) [D:/saumilHDLSoftwre/Vivado/2021.2/data/ip/xpm/xpm_memory/hdl/xpm_memory.sv:57]
INFO: [Synth 8-6155] done synthesizing module 'xpm_memory_sdpram__parameterized9' (83#1) [D:/saumilHDLSoftwre/Vivado/2021.2/data/ip/xpm/xpm_memory/hdl/xpm_memory.sv:8471]
INFO: [Synth 8-6155] done synthesizing module 'bd_94a3_srn_0' (84#1) [c:/vivado_tutorial/project_3/project_3.gen/sources_1/bd/axi_bram_bd/ip/axi_bram_bd_axi_smc_0/bd_0/ip/ip_12/synth/bd_94a3_srn_0.sv:58]
INFO: [Synth 8-6157] synthesizing module 'bd_94a3_swn_0' [c:/vivado_tutorial/project_3/project_3.gen/sources_1/bd/axi_bram_bd/ip/axi_bram_bd_axi_smc_0/bd_0/ip/ip_14/synth/bd_94a3_swn_0.sv:58]
INFO: [Synth 8-6157] synthesizing module 'xpm_memory_sdpram__parameterized10' [D:/saumilHDLSoftwre/Vivado/2021.2/data/ip/xpm/xpm_memory/hdl/xpm_memory.sv:8471]
INFO: [Synth 8-6157] synthesizing module 'xpm_memory_base__parameterized10' [D:/saumilHDLSoftwre/Vivado/2021.2/data/ip/xpm/xpm_memory/hdl/xpm_memory.sv:57]
INFO: [Synth 8-6155] done synthesizing module 'xpm_memory_base__parameterized10' (84#1) [D:/saumilHDLSoftwre/Vivado/2021.2/data/ip/xpm/xpm_memory/hdl/xpm_memory.sv:57]
INFO: [Synth 8-6155] done synthesizing module 'xpm_memory_sdpram__parameterized10' (84#1) [D:/saumilHDLSoftwre/Vivado/2021.2/data/ip/xpm/xpm_memory/hdl/xpm_memory.sv:8471]
INFO: [Synth 8-6155] done synthesizing module 'bd_94a3_swn_0' (85#1) [c:/vivado_tutorial/project_3/project_3.gen/sources_1/bd/axi_bram_bd/ip/axi_bram_bd_axi_smc_0/bd_0/ip/ip_14/synth/bd_94a3_swn_0.sv:58]
INFO: [Synth 8-6155] done synthesizing module 's00_nodes_imp_BDCS33' (86#1) [c:/vivado_tutorial/project_3/project_3.gen/sources_1/bd/axi_bram_bd/ip/axi_bram_bd_axi_smc_0/bd_0/synth/bd_94a3.v:4899]
INFO: [Synth 8-6157] synthesizing module 'bd_94a3_s01a2s_0' [c:/vivado_tutorial/project_3/project_3.gen/sources_1/bd/axi_bram_bd/ip/axi_bram_bd_axi_smc_0/bd_0/ip/ip_19/synth/bd_94a3_s01a2s_0.sv:58]
INFO: [Synth 8-6155] done synthesizing module 'bd_94a3_s01a2s_0' (87#1) [c:/vivado_tutorial/project_3/project_3.gen/sources_1/bd/axi_bram_bd/ip/axi_bram_bd_axi_smc_0/bd_0/ip/ip_19/synth/bd_94a3_s01a2s_0.sv:58]
INFO: [Synth 8-6157] synthesizing module 's01_entry_pipeline_imp_1A42RXD' [c:/vivado_tutorial/project_3/project_3.gen/sources_1/bd/axi_bram_bd/ip/axi_bram_bd_axi_smc_0/bd_0/synth/bd_94a3.v:5195]
INFO: [Synth 8-6157] synthesizing module 'bd_94a3_s01mmu_0' [c:/vivado_tutorial/project_3/project_3.gen/sources_1/bd/axi_bram_bd/ip/axi_bram_bd_axi_smc_0/bd_0/ip/ip_16/synth/bd_94a3_s01mmu_0.sv:59]
INFO: [Synth 8-6155] done synthesizing module 'bd_94a3_s01mmu_0' (88#1) [c:/vivado_tutorial/project_3/project_3.gen/sources_1/bd/axi_bram_bd/ip/axi_bram_bd_axi_smc_0/bd_0/ip/ip_16/synth/bd_94a3_s01mmu_0.sv:59]
INFO: [Synth 8-6157] synthesizing module 'bd_94a3_s01sic_0' [c:/vivado_tutorial/project_3/project_3.gen/sources_1/bd/axi_bram_bd/ip/axi_bram_bd_axi_smc_0/bd_0/ip/ip_18/synth/bd_94a3_s01sic_0.sv:59]
INFO: [Synth 8-6155] done synthesizing module 'bd_94a3_s01sic_0' (89#1) [c:/vivado_tutorial/project_3/project_3.gen/sources_1/bd/axi_bram_bd/ip/axi_bram_bd_axi_smc_0/bd_0/ip/ip_18/synth/bd_94a3_s01sic_0.sv:59]
INFO: [Synth 8-6157] synthesizing module 'bd_94a3_s01tr_0' [c:/vivado_tutorial/project_3/project_3.gen/sources_1/bd/axi_bram_bd/ip/axi_bram_bd_axi_smc_0/bd_0/ip/ip_17/synth/bd_94a3_s01tr_0.sv:58]
INFO: [Synth 8-6155] done synthesizing module 'bd_94a3_s01tr_0' (91#1) [c:/vivado_tutorial/project_3/project_3.gen/sources_1/bd/axi_bram_bd/ip/axi_bram_bd_axi_smc_0/bd_0/ip/ip_17/synth/bd_94a3_s01tr_0.sv:58]
INFO: [Synth 8-6155] done synthesizing module 's01_entry_pipeline_imp_1A42RXD' (92#1) [c:/vivado_tutorial/project_3/project_3.gen/sources_1/bd/axi_bram_bd/ip/axi_bram_bd_axi_smc_0/bd_0/synth/bd_94a3.v:5195]
INFO: [Synth 8-6157] synthesizing module 's01_nodes_imp_1EHI89L' [c:/vivado_tutorial/project_3/project_3.gen/sources_1/bd/axi_bram_bd/ip/axi_bram_bd_axi_smc_0/bd_0/synth/bd_94a3.v:5844]
INFO: [Synth 8-6157] synthesizing module 'bd_94a3_sarn_1' [c:/vivado_tutorial/project_3/project_3.gen/sources_1/bd/axi_bram_bd/ip/axi_bram_bd_axi_smc_0/bd_0/ip/ip_20/synth/bd_94a3_sarn_1.sv:58]
INFO: [Synth 8-6155] done synthesizing module 'bd_94a3_sarn_1' (93#1) [c:/vivado_tutorial/project_3/project_3.gen/sources_1/bd/axi_bram_bd/ip/axi_bram_bd_axi_smc_0/bd_0/ip/ip_20/synth/bd_94a3_sarn_1.sv:58]
INFO: [Synth 8-6157] synthesizing module 'bd_94a3_sawn_1' [c:/vivado_tutorial/project_3/project_3.gen/sources_1/bd/axi_bram_bd/ip/axi_bram_bd_axi_smc_0/bd_0/ip/ip_22/synth/bd_94a3_sawn_1.sv:58]
INFO: [Synth 8-6155] done synthesizing module 'bd_94a3_sawn_1' (94#1) [c:/vivado_tutorial/project_3/project_3.gen/sources_1/bd/axi_bram_bd/ip/axi_bram_bd_axi_smc_0/bd_0/ip/ip_22/synth/bd_94a3_sawn_1.sv:58]
INFO: [Synth 8-6157] synthesizing module 'bd_94a3_sbn_1' [c:/vivado_tutorial/project_3/project_3.gen/sources_1/bd/axi_bram_bd/ip/axi_bram_bd_axi_smc_0/bd_0/ip/ip_24/synth/bd_94a3_sbn_1.sv:58]
INFO: [Synth 8-6155] done synthesizing module 'bd_94a3_sbn_1' (95#1) [c:/vivado_tutorial/project_3/project_3.gen/sources_1/bd/axi_bram_bd/ip/axi_bram_bd_axi_smc_0/bd_0/ip/ip_24/synth/bd_94a3_sbn_1.sv:58]
INFO: [Synth 8-6157] synthesizing module 'bd_94a3_srn_1' [c:/vivado_tutorial/project_3/project_3.gen/sources_1/bd/axi_bram_bd/ip/axi_bram_bd_axi_smc_0/bd_0/ip/ip_21/synth/bd_94a3_srn_1.sv:58]
INFO: [Synth 8-6155] done synthesizing module 'bd_94a3_srn_1' (96#1) [c:/vivado_tutorial/project_3/project_3.gen/sources_1/bd/axi_bram_bd/ip/axi_bram_bd_axi_smc_0/bd_0/ip/ip_21/synth/bd_94a3_srn_1.sv:58]
INFO: [Synth 8-6157] synthesizing module 'bd_94a3_swn_1' [c:/vivado_tutorial/project_3/project_3.gen/sources_1/bd/axi_bram_bd/ip/axi_bram_bd_axi_smc_0/bd_0/ip/ip_23/synth/bd_94a3_swn_1.sv:58]
INFO: [Synth 8-6155] done synthesizing module 'bd_94a3_swn_1' (97#1) [c:/vivado_tutorial/project_3/project_3.gen/sources_1/bd/axi_bram_bd/ip/axi_bram_bd_axi_smc_0/bd_0/ip/ip_23/synth/bd_94a3_swn_1.sv:58]
INFO: [Synth 8-6155] done synthesizing module 's01_nodes_imp_1EHI89L' (98#1) [c:/vivado_tutorial/project_3/project_3.gen/sources_1/bd/axi_bram_bd/ip/axi_bram_bd_axi_smc_0/bd_0/synth/bd_94a3.v:5844]
INFO: [Synth 8-6157] synthesizing module 'switchboards_imp_ILQVJV' [c:/vivado_tutorial/project_3/project_3.gen/sources_1/bd/axi_bram_bd/ip/axi_bram_bd_axi_smc_0/bd_0/synth/bd_94a3.v:6140]
INFO: [Synth 8-6157] synthesizing module 'bd_94a3_arsw_0' [c:/vivado_tutorial/project_3/project_3.gen/sources_1/bd/axi_bram_bd/ip/axi_bram_bd_axi_smc_0/bd_0/ip/ip_2/synth/bd_94a3_arsw_0.sv:57]
INFO: [Synth 8-6155] done synthesizing module 'bd_94a3_arsw_0' (101#1) [c:/vivado_tutorial/project_3/project_3.gen/sources_1/bd/axi_bram_bd/ip/axi_bram_bd_axi_smc_0/bd_0/ip/ip_2/synth/bd_94a3_arsw_0.sv:57]
INFO: [Synth 8-6157] synthesizing module 'bd_94a3_awsw_0' [c:/vivado_tutorial/project_3/project_3.gen/sources_1/bd/axi_bram_bd/ip/axi_bram_bd_axi_smc_0/bd_0/ip/ip_4/synth/bd_94a3_awsw_0.sv:57]
INFO: [Synth 8-6155] done synthesizing module 'bd_94a3_awsw_0' (102#1) [c:/vivado_tutorial/project_3/project_3.gen/sources_1/bd/axi_bram_bd/ip/axi_bram_bd_axi_smc_0/bd_0/ip/ip_4/synth/bd_94a3_awsw_0.sv:57]
INFO: [Synth 8-6157] synthesizing module 'bd_94a3_bsw_0' [c:/vivado_tutorial/project_3/project_3.gen/sources_1/bd/axi_bram_bd/ip/axi_bram_bd_axi_smc_0/bd_0/ip/ip_6/synth/bd_94a3_bsw_0.sv:57]
INFO: [Synth 8-6155] done synthesizing module 'bd_94a3_bsw_0' (103#1) [c:/vivado_tutorial/project_3/project_3.gen/sources_1/bd/axi_bram_bd/ip/axi_bram_bd_axi_smc_0/bd_0/ip/ip_6/synth/bd_94a3_bsw_0.sv:57]
INFO: [Synth 8-6157] synthesizing module 'bd_94a3_rsw_0' [c:/vivado_tutorial/project_3/project_3.gen/sources_1/bd/axi_bram_bd/ip/axi_bram_bd_axi_smc_0/bd_0/ip/ip_3/synth/bd_94a3_rsw_0.sv:57]
INFO: [Synth 8-6155] done synthesizing module 'bd_94a3_rsw_0' (104#1) [c:/vivado_tutorial/project_3/project_3.gen/sources_1/bd/axi_bram_bd/ip/axi_bram_bd_axi_smc_0/bd_0/ip/ip_3/synth/bd_94a3_rsw_0.sv:57]
INFO: [Synth 8-6157] synthesizing module 'bd_94a3_wsw_0' [c:/vivado_tutorial/project_3/project_3.gen/sources_1/bd/axi_bram_bd/ip/axi_bram_bd_axi_smc_0/bd_0/ip/ip_5/synth/bd_94a3_wsw_0.sv:57]
INFO: [Synth 8-6155] done synthesizing module 'bd_94a3_wsw_0' (105#1) [c:/vivado_tutorial/project_3/project_3.gen/sources_1/bd/axi_bram_bd/ip/axi_bram_bd_axi_smc_0/bd_0/ip/ip_5/synth/bd_94a3_wsw_0.sv:57]
INFO: [Synth 8-6155] done synthesizing module 'switchboards_imp_ILQVJV' (106#1) [c:/vivado_tutorial/project_3/project_3.gen/sources_1/bd/axi_bram_bd/ip/axi_bram_bd_axi_smc_0/bd_0/synth/bd_94a3.v:6140]
INFO: [Synth 8-6155] done synthesizing module 'bd_94a3' (107#1) [c:/vivado_tutorial/project_3/project_3.gen/sources_1/bd/axi_bram_bd/ip/axi_bram_bd_axi_smc_0/bd_0/synth/bd_94a3.v:10]
INFO: [Synth 8-6155] done synthesizing module 'axi_bram_bd_axi_smc_0' (108#1) [c:/vivado_tutorial/project_3/project_3.gen/sources_1/bd/axi_bram_bd/ip/axi_bram_bd_axi_smc_0/synth/axi_bram_bd_axi_smc_0.v:57]
WARNING: [Synth 8-7129] Port aclk in module sc_util_v1_0_4_pipeline__parameterized0 is either unconnected or has no load
WARNING: [Synth 8-7129] Port aclken in module sc_util_v1_0_4_pipeline__parameterized0 is either unconnected or has no load
WARNING: [Synth 8-7129] Port areset in module sc_util_v1_0_4_pipeline__parameterized0 is either unconnected or has no load
WARNING: [Synth 8-7129] Port din[0] in module sc_util_v1_0_4_onehot_to_binary__parameterized3 is either unconnected or has no load
WARNING: [Synth 8-7129] Port aclk in module sc_util_v1_0_4_pipeline__parameterized7 is either unconnected or has no load
WARNING: [Synth 8-7129] Port aclken in module sc_util_v1_0_4_pipeline__parameterized7 is either unconnected or has no load
WARNING: [Synth 8-7129] Port areset in module sc_util_v1_0_4_pipeline__parameterized7 is either unconnected or has no load
WARNING: [Synth 8-7129] Port connectivity[5] in module sc_switchboard_v1_0_6_top__parameterized2 is either unconnected or has no load
WARNING: [Synth 8-7129] Port connectivity[4] in module sc_switchboard_v1_0_6_top__parameterized2 is either unconnected or has no load
WARNING: [Synth 8-7129] Port connectivity[3] in module sc_switchboard_v1_0_6_top__parameterized2 is either unconnected or has no load
WARNING: [Synth 8-7129] Port connectivity[2] in module sc_switchboard_v1_0_6_top__parameterized2 is either unconnected or has no load
WARNING: [Synth 8-7129] Port connectivity[1] in module sc_switchboard_v1_0_6_top__parameterized2 is either unconnected or has no load
WARNING: [Synth 8-7129] Port connectivity[0] in module sc_switchboard_v1_0_6_top__parameterized2 is either unconnected or has no load
WARNING: [Synth 8-7129] Port aclk in module sc_util_v1_0_4_pipeline__parameterized1 is either unconnected or has no load
WARNING: [Synth 8-7129] Port aclken in module sc_util_v1_0_4_pipeline__parameterized1 is either unconnected or has no load
WARNING: [Synth 8-7129] Port areset in module sc_util_v1_0_4_pipeline__parameterized1 is either unconnected or has no load
WARNING: [Synth 8-7129] Port din[0] in module sc_util_v1_0_4_onehot_to_binary__parameterized4 is either unconnected or has no load
WARNING: [Synth 8-7129] Port aclk in module sc_util_v1_0_4_pipeline__parameterized6 is either unconnected or has no load
WARNING: [Synth 8-7129] Port aclken in module sc_util_v1_0_4_pipeline__parameterized6 is either unconnected or has no load
WARNING: [Synth 8-7129] Port areset in module sc_util_v1_0_4_pipeline__parameterized6 is either unconnected or has no load
WARNING: [Synth 8-7129] Port connectivity[5] in module sc_switchboard_v1_0_6_top__parameterized1 is either unconnected or has no load
WARNING: [Synth 8-7129] Port connectivity[4] in module sc_switchboard_v1_0_6_top__parameterized1 is either unconnected or has no load
WARNING: [Synth 8-7129] Port connectivity[3] in module sc_switchboard_v1_0_6_top__parameterized1 is either unconnected or has no load
WARNING: [Synth 8-7129] Port connectivity[2] in module sc_switchboard_v1_0_6_top__parameterized1 is either unconnected or has no load
WARNING: [Synth 8-7129] Port connectivity[1] in module sc_switchboard_v1_0_6_top__parameterized1 is either unconnected or has no load
WARNING: [Synth 8-7129] Port connectivity[0] in module sc_switchboard_v1_0_6_top__parameterized1 is either unconnected or has no load
WARNING: [Synth 8-7129] Port aclk in module sc_util_v1_0_4_pipeline__parameterized5 is either unconnected or has no load
WARNING: [Synth 8-7129] Port aclken in module sc_util_v1_0_4_pipeline__parameterized5 is either unconnected or has no load
WARNING: [Synth 8-7129] Port areset in module sc_util_v1_0_4_pipeline__parameterized5 is either unconnected or has no load
WARNING: [Synth 8-7129] Port connectivity[5] in module sc_switchboard_v1_0_6_top__parameterized0 is either unconnected or has no load
WARNING: [Synth 8-7129] Port connectivity[4] in module sc_switchboard_v1_0_6_top__parameterized0 is either unconnected or has no load
WARNING: [Synth 8-7129] Port connectivity[3] in module sc_switchboard_v1_0_6_top__parameterized0 is either unconnected or has no load
WARNING: [Synth 8-7129] Port connectivity[2] in module sc_switchboard_v1_0_6_top__parameterized0 is either unconnected or has no load
WARNING: [Synth 8-7129] Port connectivity[1] in module sc_switchboard_v1_0_6_top__parameterized0 is either unconnected or has no load
WARNING: [Synth 8-7129] Port connectivity[0] in module sc_switchboard_v1_0_6_top__parameterized0 is either unconnected or has no load
WARNING: [Synth 8-7129] Port aclk in module sc_util_v1_0_4_pipeline__parameterized2 is either unconnected or has no load
WARNING: [Synth 8-7129] Port aclken in module sc_util_v1_0_4_pipeline__parameterized2 is either unconnected or has no load
WARNING: [Synth 8-7129] Port areset in module sc_util_v1_0_4_pipeline__parameterized2 is either unconnected or has no load
WARNING: [Synth 8-7129] Port connectivity[5] in module sc_switchboard_v1_0_6_top is either unconnected or has no load
WARNING: [Synth 8-7129] Port connectivity[4] in module sc_switchboard_v1_0_6_top is either unconnected or has no load
WARNING: [Synth 8-7129] Port connectivity[3] in module sc_switchboard_v1_0_6_top is either unconnected or has no load
WARNING: [Synth 8-7129] Port connectivity[2] in module sc_switchboard_v1_0_6_top is either unconnected or has no load
WARNING: [Synth 8-7129] Port connectivity[1] in module sc_switchboard_v1_0_6_top is either unconnected or has no load
WARNING: [Synth 8-7129] Port connectivity[0] in module sc_switchboard_v1_0_6_top is either unconnected or has no load
WARNING: [Synth 8-7129] Port aresetn in module switchboards_imp_ILQVJV is either unconnected or has no load
WARNING: [Synth 8-7129] Port din[0] in module sc_util_v1_0_4_onehot_to_binary__parameterized0 is either unconnected or has no load
WARNING: [Synth 8-7129] Port sleep in module xpm_memory_base__parameterized10 is either unconnected or has no load
WARNING: [Synth 8-7129] Port rsta in module xpm_memory_base__parameterized10 is either unconnected or has no load
WARNING: [Synth 8-7129] Port regcea in module xpm_memory_base__parameterized10 is either unconnected or has no load
WARNING: [Synth 8-7129] Port injectsbiterra in module xpm_memory_base__parameterized10 is either unconnected or has no load
WARNING: [Synth 8-7129] Port injectdbiterra in module xpm_memory_base__parameterized10 is either unconnected or has no load
WARNING: [Synth 8-7129] Port clkb in module xpm_memory_base__parameterized10 is either unconnected or has no load
WARNING: [Synth 8-7129] Port regceb in module xpm_memory_base__parameterized10 is either unconnected or has no load
WARNING: [Synth 8-7129] Port web[0] in module xpm_memory_base__parameterized10 is either unconnected or has no load
WARNING: [Synth 8-7129] Port dinb[53] in module xpm_memory_base__parameterized10 is either unconnected or has no load
WARNING: [Synth 8-7129] Port dinb[52] in module xpm_memory_base__parameterized10 is either unconnected or has no load
WARNING: [Synth 8-7129] Port dinb[51] in module xpm_memory_base__parameterized10 is either unconnected or has no load
WARNING: [Synth 8-7129] Port dinb[50] in module xpm_memory_base__parameterized10 is either unconnected or has no load
WARNING: [Synth 8-7129] Port dinb[49] in module xpm_memory_base__parameterized10 is either unconnected or has no load
WARNING: [Synth 8-7129] Port dinb[48] in module xpm_memory_base__parameterized10 is either unconnected or has no load
WARNING: [Synth 8-7129] Port dinb[47] in module xpm_memory_base__parameterized10 is either unconnected or has no load
WARNING: [Synth 8-7129] Port dinb[46] in module xpm_memory_base__parameterized10 is either unconnected or has no load
WARNING: [Synth 8-7129] Port dinb[45] in module xpm_memory_base__parameterized10 is either unconnected or has no load
WARNING: [Synth 8-7129] Port dinb[44] in module xpm_memory_base__parameterized10 is either unconnected or has no load
WARNING: [Synth 8-7129] Port dinb[43] in module xpm_memory_base__parameterized10 is either unconnected or has no load
WARNING: [Synth 8-7129] Port dinb[42] in module xpm_memory_base__parameterized10 is either unconnected or has no load
WARNING: [Synth 8-7129] Port dinb[41] in module xpm_memory_base__parameterized10 is either unconnected or has no load
WARNING: [Synth 8-7129] Port dinb[40] in module xpm_memory_base__parameterized10 is either unconnected or has no load
WARNING: [Synth 8-7129] Port dinb[39] in module xpm_memory_base__parameterized10 is either unconnected or has no load
WARNING: [Synth 8-7129] Port dinb[38] in module xpm_memory_base__parameterized10 is either unconnected or has no load
WARNING: [Synth 8-7129] Port dinb[37] in module xpm_memory_base__parameterized10 is either unconnected or has no load
WARNING: [Synth 8-7129] Port dinb[36] in module xpm_memory_base__parameterized10 is either unconnected or has no load
WARNING: [Synth 8-7129] Port dinb[35] in module xpm_memory_base__parameterized10 is either unconnected or has no load
WARNING: [Synth 8-7129] Port dinb[34] in module xpm_memory_base__parameterized10 is either unconnected or has no load
WARNING: [Synth 8-7129] Port dinb[33] in module xpm_memory_base__parameterized10 is either unconnected or has no load
WARNING: [Synth 8-7129] Port dinb[32] in module xpm_memory_base__parameterized10 is either unconnected or has no load
WARNING: [Synth 8-7129] Port dinb[31] in module xpm_memory_base__parameterized10 is either unconnected or has no load
WARNING: [Synth 8-7129] Port dinb[30] in module xpm_memory_base__parameterized10 is either unconnected or has no load
WARNING: [Synth 8-7129] Port dinb[29] in module xpm_memory_base__parameterized10 is either unconnected or has no load
WARNING: [Synth 8-7129] Port dinb[28] in module xpm_memory_base__parameterized10 is either unconnected or has no load
WARNING: [Synth 8-7129] Port dinb[27] in module xpm_memory_base__parameterized10 is either unconnected or has no load
WARNING: [Synth 8-7129] Port dinb[26] in module xpm_memory_base__parameterized10 is either unconnected or has no load
WARNING: [Synth 8-7129] Port dinb[25] in module xpm_memory_base__parameterized10 is either unconnected or has no load
WARNING: [Synth 8-7129] Port dinb[24] in module xpm_memory_base__parameterized10 is either unconnected or has no load
WARNING: [Synth 8-7129] Port dinb[23] in module xpm_memory_base__parameterized10 is either unconnected or has no load
WARNING: [Synth 8-7129] Port dinb[22] in module xpm_memory_base__parameterized10 is either unconnected or has no load
WARNING: [Synth 8-7129] Port dinb[21] in module xpm_memory_base__parameterized10 is either unconnected or has no load
WARNING: [Synth 8-7129] Port dinb[20] in module xpm_memory_base__parameterized10 is either unconnected or has no load
WARNING: [Synth 8-7129] Port dinb[19] in module xpm_memory_base__parameterized10 is either unconnected or has no load
WARNING: [Synth 8-7129] Port dinb[18] in module xpm_memory_base__parameterized10 is either unconnected or has no load
WARNING: [Synth 8-7129] Port dinb[17] in module xpm_memory_base__parameterized10 is either unconnected or has no load
WARNING: [Synth 8-7129] Port dinb[16] in module xpm_memory_base__parameterized10 is either unconnected or has no load
WARNING: [Synth 8-7129] Port dinb[15] in module xpm_memory_base__parameterized10 is either unconnected or has no load
WARNING: [Synth 8-7129] Port dinb[14] in module xpm_memory_base__parameterized10 is either unconnected or has no load
WARNING: [Synth 8-7129] Port dinb[13] in module xpm_memory_base__parameterized10 is either unconnected or has no load
WARNING: [Synth 8-7129] Port dinb[12] in module xpm_memory_base__parameterized10 is either unconnected or has no load
WARNING: [Synth 8-7129] Port dinb[11] in module xpm_memory_base__parameterized10 is either unconnected or has no load
WARNING: [Synth 8-7129] Port dinb[10] in module xpm_memory_base__parameterized10 is either unconnected or has no load
WARNING: [Synth 8-7129] Port dinb[9] in module xpm_memory_base__parameterized10 is either unconnected or has no load
WARNING: [Synth 8-7129] Port dinb[8] in module xpm_memory_base__parameterized10 is either unconnected or has no load
INFO: [Common 17-14] Message 'Synth 8-7129' appears 100 times and further instances of the messages will be disabled. Use the Tcl command set_msg_config to change the current settings.
---------------------------------------------------------------------------------
Finished RTL Elaboration : Time (s): cpu = 00:00:23 ; elapsed = 00:00:33 . Memory (MB): peak = 1599.098 ; gain = 186.488
---------------------------------------------------------------------------------
---------------------------------------------------------------------------------
Start Handling Custom Attributes
---------------------------------------------------------------------------------
---------------------------------------------------------------------------------
Finished Handling Custom Attributes : Time (s): cpu = 00:00:25 ; elapsed = 00:00:35 . Memory (MB): peak = 1599.098 ; gain = 186.488
---------------------------------------------------------------------------------
---------------------------------------------------------------------------------
Finished RTL Optimization Phase 1 : Time (s): cpu = 00:00:25 ; elapsed = 00:00:35 . Memory (MB): peak = 1599.098 ; gain = 186.488
---------------------------------------------------------------------------------
Netlist sorting complete. Time (s): cpu = 00:00:04 ; elapsed = 00:00:04 . Memory (MB): peak = 2064.805 ; gain = 16.680
INFO: [Netlist 29-17] Analyzing 13 Unisim elements for replacement
INFO: [Netlist 29-28] Unisim Transformation completed in 0 CPU seconds
INFO: [Project 1-570] Preparing netlist for logic optimization

Processing XDC Constraints
Initializing timing engine
Parsing XDC File [c:/vivado_tutorial/project_3/project_3.gen/sources_1/bd/axi_bram_bd/ip/axi_bram_bd_axi_smc_0/ooc.xdc] for cell 'inst'
Finished Parsing XDC File [c:/vivado_tutorial/project_3/project_3.gen/sources_1/bd/axi_bram_bd/ip/axi_bram_bd_axi_smc_0/ooc.xdc] for cell 'inst'
Parsing XDC File [c:/vivado_tutorial/project_3/project_3.gen/sources_1/bd/axi_bram_bd/ip/axi_bram_bd_axi_smc_0/bd_0/ip/ip_1/bd_94a3_psr_aclk_0_board.xdc] for cell 'inst/clk_map/psr_aclk/U0'
Finished Parsing XDC File [c:/vivado_tutorial/project_3/project_3.gen/sources_1/bd/axi_bram_bd/ip/axi_bram_bd_axi_smc_0/bd_0/ip/ip_1/bd_94a3_psr_aclk_0_board.xdc] for cell 'inst/clk_map/psr_aclk/U0'
Parsing XDC File [c:/vivado_tutorial/project_3/project_3.gen/sources_1/bd/axi_bram_bd/ip/axi_bram_bd_axi_smc_0/bd_0/ip/ip_1/bd_94a3_psr_aclk_0.xdc] for cell 'inst/clk_map/psr_aclk/U0'
Finished Parsing XDC File [c:/vivado_tutorial/project_3/project_3.gen/sources_1/bd/axi_bram_bd/ip/axi_bram_bd_axi_smc_0/bd_0/ip/ip_1/bd_94a3_psr_aclk_0.xdc] for cell 'inst/clk_map/psr_aclk/U0'
Parsing XDC File [C:/vivado_tutorial/project_3/project_3.runs/axi_bram_bd_axi_smc_0_synth_1/dont_touch.xdc]
Finished Parsing XDC File [C:/vivado_tutorial/project_3/project_3.runs/axi_bram_bd_axi_smc_0_synth_1/dont_touch.xdc]
WARNING: [Vivado 12-180] No cells matched 'get_cells -hier -filter {PRIMITIVE_SUBGROUP==LUTRAM || PRIMITIVE_SUBGROUP==dram || PRIMITIVE_SUBGROUP==uram || PRIMITIVE_SUBGROUP==BRAM}'. [D:/saumilHDLSoftwre/Vivado/2021.2/data/ip/xpm/xpm_memory/tcl/xpm_memory_xdc.tcl:3]
WARNING: [Vivado 12-180] No cells matched 'get_cells -hier -filter {PRIMITIVE_SUBGROUP==LUTRAM || PRIMITIVE_SUBGROUP==dram || PRIMITIVE_SUBGROUP==uram || PRIMITIVE_SUBGROUP==BRAM}'. [D:/saumilHDLSoftwre/Vivado/2021.2/data/ip/xpm/xpm_memory/tcl/xpm_memory_xdc.tcl:3]
WARNING: [Vivado 12-180] No cells matched 'get_cells -hier -filter {PRIMITIVE_SUBGROUP==LUTRAM || PRIMITIVE_SUBGROUP==dram || PRIMITIVE_SUBGROUP==uram || PRIMITIVE_SUBGROUP==BRAM}'. [D:/saumilHDLSoftwre/Vivado/2021.2/data/ip/xpm/xpm_memory/tcl/xpm_memory_xdc.tcl:3]
WARNING: [Vivado 12-180] No cells matched 'get_cells -hier -filter {PRIMITIVE_SUBGROUP==LUTRAM || PRIMITIVE_SUBGROUP==dram || PRIMITIVE_SUBGROUP==uram || PRIMITIVE_SUBGROUP==BRAM}'. [D:/saumilHDLSoftwre/Vivado/2021.2/data/ip/xpm/xpm_memory/tcl/xpm_memory_xdc.tcl:3]
WARNING: [Vivado 12-180] No cells matched 'get_cells -hier -filter {PRIMITIVE_SUBGROUP==LUTRAM || PRIMITIVE_SUBGROUP==dram || PRIMITIVE_SUBGROUP==uram || PRIMITIVE_SUBGROUP==BRAM}'. [D:/saumilHDLSoftwre/Vivado/2021.2/data/ip/xpm/xpm_memory/tcl/xpm_memory_xdc.tcl:3]
WARNING: [Vivado 12-180] No cells matched 'get_cells -hier -filter {PRIMITIVE_SUBGROUP==LUTRAM || PRIMITIVE_SUBGROUP==dram || PRIMITIVE_SUBGROUP==uram || PRIMITIVE_SUBGROUP==BRAM}'. [D:/saumilHDLSoftwre/Vivado/2021.2/data/ip/xpm/xpm_memory/tcl/xpm_memory_xdc.tcl:3]
WARNING: [Vivado 12-180] No cells matched 'get_cells -hier -filter {PRIMITIVE_SUBGROUP==LUTRAM || PRIMITIVE_SUBGROUP==dram || PRIMITIVE_SUBGROUP==uram || PRIMITIVE_SUBGROUP==BRAM}'. [D:/saumilHDLSoftwre/Vivado/2021.2/data/ip/xpm/xpm_memory/tcl/xpm_memory_xdc.tcl:3]
WARNING: [Vivado 12-180] No cells matched 'get_cells -hier -filter {PRIMITIVE_SUBGROUP==LUTRAM || PRIMITIVE_SUBGROUP==dram || PRIMITIVE_SUBGROUP==uram || PRIMITIVE_SUBGROUP==BRAM}'. [D:/saumilHDLSoftwre/Vivado/2021.2/data/ip/xpm/xpm_memory/tcl/xpm_memory_xdc.tcl:3]
WARNING: [Vivado 12-180] No cells matched 'get_cells -hier -filter {PRIMITIVE_SUBGROUP==LUTRAM || PRIMITIVE_SUBGROUP==dram || PRIMITIVE_SUBGROUP==uram || PRIMITIVE_SUBGROUP==BRAM}'. [D:/saumilHDLSoftwre/Vivado/2021.2/data/ip/xpm/xpm_memory/tcl/xpm_memory_xdc.tcl:3]
WARNING: [Vivado 12-180] No cells matched 'get_cells -hier -filter {PRIMITIVE_SUBGROUP==LUTRAM || PRIMITIVE_SUBGROUP==dram || PRIMITIVE_SUBGROUP==uram || PRIMITIVE_SUBGROUP==BRAM}'. [D:/saumilHDLSoftwre/Vivado/2021.2/data/ip/xpm/xpm_memory/tcl/xpm_memory_xdc.tcl:3]
WARNING: [Vivado 12-180] No cells matched 'get_cells -hier -filter {PRIMITIVE_SUBGROUP==LUTRAM || PRIMITIVE_SUBGROUP==dram || PRIMITIVE_SUBGROUP==uram || PRIMITIVE_SUBGROUP==BRAM}'. [D:/saumilHDLSoftwre/Vivado/2021.2/data/ip/xpm/xpm_memory/tcl/xpm_memory_xdc.tcl:3]
WARNING: [Vivado 12-180] No cells matched 'get_cells -hier -filter {PRIMITIVE_SUBGROUP==LUTRAM || PRIMITIVE_SUBGROUP==dram || PRIMITIVE_SUBGROUP==uram || PRIMITIVE_SUBGROUP==BRAM}'. [D:/saumilHDLSoftwre/Vivado/2021.2/data/ip/xpm/xpm_memory/tcl/xpm_memory_xdc.tcl:3]
WARNING: [Vivado 12-180] No cells matched 'get_cells -hier -filter {PRIMITIVE_SUBGROUP==LUTRAM || PRIMITIVE_SUBGROUP==dram || PRIMITIVE_SUBGROUP==uram || PRIMITIVE_SUBGROUP==BRAM}'. [D:/saumilHDLSoftwre/Vivado/2021.2/data/ip/xpm/xpm_memory/tcl/xpm_memory_xdc.tcl:3]
WARNING: [Vivado 12-180] No cells matched 'get_cells -hier -filter {PRIMITIVE_SUBGROUP==LUTRAM || PRIMITIVE_SUBGROUP==dram || PRIMITIVE_SUBGROUP==uram || PRIMITIVE_SUBGROUP==BRAM}'. [D:/saumilHDLSoftwre/Vivado/2021.2/data/ip/xpm/xpm_memory/tcl/xpm_memory_xdc.tcl:3]
WARNING: [Vivado 12-180] No cells matched 'get_cells -hier -filter {PRIMITIVE_SUBGROUP==LUTRAM || PRIMITIVE_SUBGROUP==dram || PRIMITIVE_SUBGROUP==uram || PRIMITIVE_SUBGROUP==BRAM}'. [D:/saumilHDLSoftwre/Vivado/2021.2/data/ip/xpm/xpm_memory/tcl/xpm_memory_xdc.tcl:3]
WARNING: [Vivado 12-180] No cells matched 'get_cells -hier -filter {PRIMITIVE_SUBGROUP==LUTRAM || PRIMITIVE_SUBGROUP==dram || PRIMITIVE_SUBGROUP==uram || PRIMITIVE_SUBGROUP==BRAM}'. [D:/saumilHDLSoftwre/Vivado/2021.2/data/ip/xpm/xpm_memory/tcl/xpm_memory_xdc.tcl:3]
WARNING: [Vivado 12-180] No cells matched 'get_cells -hier -filter {PRIMITIVE_SUBGROUP==LUTRAM || PRIMITIVE_SUBGROUP==dram || PRIMITIVE_SUBGROUP==uram || PRIMITIVE_SUBGROUP==BRAM}'. [D:/saumilHDLSoftwre/Vivado/2021.2/data/ip/xpm/xpm_memory/tcl/xpm_memory_xdc.tcl:3]
WARNING: [Vivado 12-180] No cells matched 'get_cells -hier -filter {PRIMITIVE_SUBGROUP==LUTRAM || PRIMITIVE_SUBGROUP==dram || PRIMITIVE_SUBGROUP==uram || PRIMITIVE_SUBGROUP==BRAM}'. [D:/saumilHDLSoftwre/Vivado/2021.2/data/ip/xpm/xpm_memory/tcl/xpm_memory_xdc.tcl:3]
WARNING: [Vivado 12-180] No cells matched 'get_cells -hier -filter {PRIMITIVE_SUBGROUP==LUTRAM || PRIMITIVE_SUBGROUP==dram || PRIMITIVE_SUBGROUP==uram || PRIMITIVE_SUBGROUP==BRAM}'. [D:/saumilHDLSoftwre/Vivado/2021.2/data/ip/xpm/xpm_memory/tcl/xpm_memory_xdc.tcl:3]
WARNING: [Vivado 12-180] No cells matched 'get_cells -hier -filter {PRIMITIVE_SUBGROUP==LUTRAM || PRIMITIVE_SUBGROUP==dram || PRIMITIVE_SUBGROUP==uram || PRIMITIVE_SUBGROUP==BRAM}'. [D:/saumilHDLSoftwre/Vivado/2021.2/data/ip/xpm/xpm_memory/tcl/xpm_memory_xdc.tcl:3]
WARNING: [Vivado 12-180] No cells matched 'get_cells -hier -filter {PRIMITIVE_SUBGROUP==LUTRAM || PRIMITIVE_SUBGROUP==dram || PRIMITIVE_SUBGROUP==uram || PRIMITIVE_SUBGROUP==BRAM}'. [D:/saumilHDLSoftwre/Vivado/2021.2/data/ip/xpm/xpm_memory/tcl/xpm_memory_xdc.tcl:3]
WARNING: [Vivado 12-180] No cells matched 'get_cells -hier -filter {PRIMITIVE_SUBGROUP==LUTRAM || PRIMITIVE_SUBGROUP==dram || PRIMITIVE_SUBGROUP==uram || PRIMITIVE_SUBGROUP==BRAM}'. [D:/saumilHDLSoftwre/Vivado/2021.2/data/ip/xpm/xpm_memory/tcl/xpm_memory_xdc.tcl:3]
WARNING: [Vivado 12-180] No cells matched 'get_cells -hier -filter {PRIMITIVE_SUBGROUP==LUTRAM || PRIMITIVE_SUBGROUP==dram || PRIMITIVE_SUBGROUP==uram || PRIMITIVE_SUBGROUP==BRAM}'. [D:/saumilHDLSoftwre/Vivado/2021.2/data/ip/xpm/xpm_memory/tcl/xpm_memory_xdc.tcl:3]
WARNING: [Vivado 12-180] No cells matched 'get_cells -hier -filter {PRIMITIVE_SUBGROUP==LUTRAM || PRIMITIVE_SUBGROUP==dram || PRIMITIVE_SUBGROUP==uram || PRIMITIVE_SUBGROUP==BRAM}'. [D:/saumilHDLSoftwre/Vivado/2021.2/data/ip/xpm/xpm_memory/tcl/xpm_memory_xdc.tcl:3]
WARNING: [Vivado 12-180] No cells matched 'get_cells -hier -filter {PRIMITIVE_SUBGROUP==LUTRAM || PRIMITIVE_SUBGROUP==dram || PRIMITIVE_SUBGROUP==uram || PRIMITIVE_SUBGROUP==BRAM}'. [D:/saumilHDLSoftwre/Vivado/2021.2/data/ip/xpm/xpm_memory/tcl/xpm_memory_xdc.tcl:3]
WARNING: [Vivado 12-180] No cells matched 'get_cells -hier -filter {PRIMITIVE_SUBGROUP==LUTRAM || PRIMITIVE_SUBGROUP==dram || PRIMITIVE_SUBGROUP==uram || PRIMITIVE_SUBGROUP==BRAM}'. [D:/saumilHDLSoftwre/Vivado/2021.2/data/ip/xpm/xpm_memory/tcl/xpm_memory_xdc.tcl:3]
WARNING: [Vivado 12-180] No cells matched 'get_cells -hier -filter {PRIMITIVE_SUBGROUP==LUTRAM || PRIMITIVE_SUBGROUP==dram || PRIMITIVE_SUBGROUP==uram || PRIMITIVE_SUBGROUP==BRAM}'. [D:/saumilHDLSoftwre/Vivado/2021.2/data/ip/xpm/xpm_memory/tcl/xpm_memory_xdc.tcl:3]
WARNING: [Vivado 12-180] No cells matched 'get_cells -hier -filter {PRIMITIVE_SUBGROUP==LUTRAM || PRIMITIVE_SUBGROUP==dram || PRIMITIVE_SUBGROUP==uram || PRIMITIVE_SUBGROUP==BRAM}'. [D:/saumilHDLSoftwre/Vivado/2021.2/data/ip/xpm/xpm_memory/tcl/xpm_memory_xdc.tcl:3]
WARNING: [Vivado 12-180] No cells matched 'get_cells -hier -filter {PRIMITIVE_SUBGROUP==LUTRAM || PRIMITIVE_SUBGROUP==dram || PRIMITIVE_SUBGROUP==uram || PRIMITIVE_SUBGROUP==BRAM}'. [D:/saumilHDLSoftwre/Vivado/2021.2/data/ip/xpm/xpm_memory/tcl/xpm_memory_xdc.tcl:3]
WARNING: [Vivado 12-180] No cells matched 'get_cells -hier -filter {PRIMITIVE_SUBGROUP==LUTRAM || PRIMITIVE_SUBGROUP==dram || PRIMITIVE_SUBGROUP==uram || PRIMITIVE_SUBGROUP==BRAM}'. [D:/saumilHDLSoftwre/Vivado/2021.2/data/ip/xpm/xpm_memory/tcl/xpm_memory_xdc.tcl:3]
WARNING: [Vivado 12-180] No cells matched 'get_cells -hier -filter {PRIMITIVE_SUBGROUP==LUTRAM || PRIMITIVE_SUBGROUP==dram || PRIMITIVE_SUBGROUP==uram || PRIMITIVE_SUBGROUP==BRAM}'. [D:/saumilHDLSoftwre/Vivado/2021.2/data/ip/xpm/xpm_memory/tcl/xpm_memory_xdc.tcl:3]
WARNING: [Vivado 12-180] No cells matched 'get_cells -hier -filter {PRIMITIVE_SUBGROUP==LUTRAM || PRIMITIVE_SUBGROUP==dram || PRIMITIVE_SUBGROUP==uram || PRIMITIVE_SUBGROUP==BRAM}'. [D:/saumilHDLSoftwre/Vivado/2021.2/data/ip/xpm/xpm_memory/tcl/xpm_memory_xdc.tcl:3]
WARNING: [Vivado 12-180] No cells matched 'get_cells -hier -filter {PRIMITIVE_SUBGROUP==LUTRAM || PRIMITIVE_SUBGROUP==dram || PRIMITIVE_SUBGROUP==uram || PRIMITIVE_SUBGROUP==BRAM}'. [D:/saumilHDLSoftwre/Vivado/2021.2/data/ip/xpm/xpm_memory/tcl/xpm_memory_xdc.tcl:3]
WARNING: [Vivado 12-180] No cells matched 'get_cells -hier -filter {PRIMITIVE_SUBGROUP==LUTRAM || PRIMITIVE_SUBGROUP==dram || PRIMITIVE_SUBGROUP==uram || PRIMITIVE_SUBGROUP==BRAM}'. [D:/saumilHDLSoftwre/Vivado/2021.2/data/ip/xpm/xpm_memory/tcl/xpm_memory_xdc.tcl:3]
WARNING: [Vivado 12-180] No cells matched 'get_cells -hier -filter {PRIMITIVE_SUBGROUP==LUTRAM || PRIMITIVE_SUBGROUP==dram || PRIMITIVE_SUBGROUP==uram || PRIMITIVE_SUBGROUP==BRAM}'. [D:/saumilHDLSoftwre/Vivado/2021.2/data/ip/xpm/xpm_memory/tcl/xpm_memory_xdc.tcl:3]
WARNING: [Vivado 12-180] No cells matched 'get_cells -hier -filter {PRIMITIVE_SUBGROUP==LUTRAM || PRIMITIVE_SUBGROUP==dram || PRIMITIVE_SUBGROUP==uram || PRIMITIVE_SUBGROUP==BRAM}'. [D:/saumilHDLSoftwre/Vivado/2021.2/data/ip/xpm/xpm_memory/tcl/xpm_memory_xdc.tcl:3]
WARNING: [Vivado 12-180] No cells matched 'get_cells -hier -filter {PRIMITIVE_SUBGROUP==LUTRAM || PRIMITIVE_SUBGROUP==dram || PRIMITIVE_SUBGROUP==uram || PRIMITIVE_SUBGROUP==BRAM}'. [D:/saumilHDLSoftwre/Vivado/2021.2/data/ip/xpm/xpm_memory/tcl/xpm_memory_xdc.tcl:3]
WARNING: [Vivado 12-180] No cells matched 'get_cells -hier -filter {PRIMITIVE_SUBGROUP==LUTRAM || PRIMITIVE_SUBGROUP==dram || PRIMITIVE_SUBGROUP==uram || PRIMITIVE_SUBGROUP==BRAM}'. [D:/saumilHDLSoftwre/Vivado/2021.2/data/ip/xpm/xpm_memory/tcl/xpm_memory_xdc.tcl:3]
WARNING: [Vivado 12-180] No cells matched 'get_cells -hier -filter {PRIMITIVE_SUBGROUP==LUTRAM || PRIMITIVE_SUBGROUP==dram || PRIMITIVE_SUBGROUP==uram || PRIMITIVE_SUBGROUP==BRAM}'. [D:/saumilHDLSoftwre/Vivado/2021.2/data/ip/xpm/xpm_memory/tcl/xpm_memory_xdc.tcl:3]
WARNING: [Vivado 12-180] No cells matched 'get_cells -hier -filter {PRIMITIVE_SUBGROUP==LUTRAM || PRIMITIVE_SUBGROUP==dram || PRIMITIVE_SUBGROUP==uram || PRIMITIVE_SUBGROUP==BRAM}'. [D:/saumilHDLSoftwre/Vivado/2021.2/data/ip/xpm/xpm_memory/tcl/xpm_memory_xdc.tcl:3]
WARNING: [Vivado 12-180] No cells matched 'get_cells -hier -filter {PRIMITIVE_SUBGROUP==LUTRAM || PRIMITIVE_SUBGROUP==dram || PRIMITIVE_SUBGROUP==uram || PRIMITIVE_SUBGROUP==BRAM}'. [D:/saumilHDLSoftwre/Vivado/2021.2/data/ip/xpm/xpm_memory/tcl/xpm_memory_xdc.tcl:3]
WARNING: [Vivado 12-180] No cells matched 'get_cells -hier -filter {PRIMITIVE_SUBGROUP==LUTRAM || PRIMITIVE_SUBGROUP==dram || PRIMITIVE_SUBGROUP==uram || PRIMITIVE_SUBGROUP==BRAM}'. [D:/saumilHDLSoftwre/Vivado/2021.2/data/ip/xpm/xpm_memory/tcl/xpm_memory_xdc.tcl:3]
WARNING: [Vivado 12-180] No cells matched 'get_cells -hier -filter {PRIMITIVE_SUBGROUP==LUTRAM || PRIMITIVE_SUBGROUP==dram || PRIMITIVE_SUBGROUP==uram || PRIMITIVE_SUBGROUP==BRAM}'. [D:/saumilHDLSoftwre/Vivado/2021.2/data/ip/xpm/xpm_memory/tcl/xpm_memory_xdc.tcl:3]
WARNING: [Vivado 12-180] No cells matched 'get_cells -hier -filter {PRIMITIVE_SUBGROUP==LUTRAM || PRIMITIVE_SUBGROUP==dram || PRIMITIVE_SUBGROUP==uram || PRIMITIVE_SUBGROUP==BRAM}'. [D:/saumilHDLSoftwre/Vivado/2021.2/data/ip/xpm/xpm_memory/tcl/xpm_memory_xdc.tcl:3]
WARNING: [Vivado 12-180] No cells matched 'get_cells -hier -filter {PRIMITIVE_SUBGROUP==LUTRAM || PRIMITIVE_SUBGROUP==dram || PRIMITIVE_SUBGROUP==uram || PRIMITIVE_SUBGROUP==BRAM}'. [D:/saumilHDLSoftwre/Vivado/2021.2/data/ip/xpm/xpm_memory/tcl/xpm_memory_xdc.tcl:3]
WARNING: [Vivado 12-180] No cells matched 'get_cells -hier -filter {PRIMITIVE_SUBGROUP==LUTRAM || PRIMITIVE_SUBGROUP==dram || PRIMITIVE_SUBGROUP==uram || PRIMITIVE_SUBGROUP==BRAM}'. [D:/saumilHDLSoftwre/Vivado/2021.2/data/ip/xpm/xpm_memory/tcl/xpm_memory_xdc.tcl:3]
WARNING: [Vivado 12-180] No cells matched 'get_cells -hier -filter {PRIMITIVE_SUBGROUP==LUTRAM || PRIMITIVE_SUBGROUP==dram || PRIMITIVE_SUBGROUP==uram || PRIMITIVE_SUBGROUP==BRAM}'. [D:/saumilHDLSoftwre/Vivado/2021.2/data/ip/xpm/xpm_memory/tcl/xpm_memory_xdc.tcl:3]
WARNING: [Vivado 12-180] No cells matched 'get_cells -hier -filter {PRIMITIVE_SUBGROUP==LUTRAM || PRIMITIVE_SUBGROUP==dram || PRIMITIVE_SUBGROUP==uram || PRIMITIVE_SUBGROUP==BRAM}'. [D:/saumilHDLSoftwre/Vivado/2021.2/data/ip/xpm/xpm_memory/tcl/xpm_memory_xdc.tcl:3]
WARNING: [Vivado 12-180] No cells matched 'get_cells -hier -filter {PRIMITIVE_SUBGROUP==LUTRAM || PRIMITIVE_SUBGROUP==dram || PRIMITIVE_SUBGROUP==uram || PRIMITIVE_SUBGROUP==BRAM}'. [D:/saumilHDLSoftwre/Vivado/2021.2/data/ip/xpm/xpm_memory/tcl/xpm_memory_xdc.tcl:3]
WARNING: [Vivado 12-180] No cells matched 'get_cells -hier -filter {PRIMITIVE_SUBGROUP==LUTRAM || PRIMITIVE_SUBGROUP==dram || PRIMITIVE_SUBGROUP==uram || PRIMITIVE_SUBGROUP==BRAM}'. [D:/saumilHDLSoftwre/Vivado/2021.2/data/ip/xpm/xpm_memory/tcl/xpm_memory_xdc.tcl:3]
WARNING: [Vivado 12-180] No cells matched 'get_cells -hier -filter {PRIMITIVE_SUBGROUP==LUTRAM || PRIMITIVE_SUBGROUP==dram || PRIMITIVE_SUBGROUP==uram || PRIMITIVE_SUBGROUP==BRAM}'. [D:/saumilHDLSoftwre/Vivado/2021.2/data/ip/xpm/xpm_memory/tcl/xpm_memory_xdc.tcl:3]
WARNING: [Vivado 12-180] No cells matched 'get_cells -hier -filter {PRIMITIVE_SUBGROUP==LUTRAM || PRIMITIVE_SUBGROUP==dram || PRIMITIVE_SUBGROUP==uram || PRIMITIVE_SUBGROUP==BRAM}'. [D:/saumilHDLSoftwre/Vivado/2021.2/data/ip/xpm/xpm_memory/tcl/xpm_memory_xdc.tcl:3]
WARNING: [Vivado 12-180] No cells matched 'get_cells -hier -filter {PRIMITIVE_SUBGROUP==LUTRAM || PRIMITIVE_SUBGROUP==dram || PRIMITIVE_SUBGROUP==uram || PRIMITIVE_SUBGROUP==BRAM}'. [D:/saumilHDLSoftwre/Vivado/2021.2/data/ip/xpm/xpm_memory/tcl/xpm_memory_xdc.tcl:3]
WARNING: [Vivado 12-180] No cells matched 'get_cells -hier -filter {PRIMITIVE_SUBGROUP==LUTRAM || PRIMITIVE_SUBGROUP==dram || PRIMITIVE_SUBGROUP==uram || PRIMITIVE_SUBGROUP==BRAM}'. [D:/saumilHDLSoftwre/Vivado/2021.2/data/ip/xpm/xpm_memory/tcl/xpm_memory_xdc.tcl:3]
WARNING: [Vivado 12-180] No cells matched 'get_cells -hier -filter {PRIMITIVE_SUBGROUP==LUTRAM || PRIMITIVE_SUBGROUP==dram || PRIMITIVE_SUBGROUP==uram || PRIMITIVE_SUBGROUP==BRAM}'. [D:/saumilHDLSoftwre/Vivado/2021.2/data/ip/xpm/xpm_memory/tcl/xpm_memory_xdc.tcl:3]
WARNING: [Vivado 12-180] No cells matched 'get_cells -hier -filter {PRIMITIVE_SUBGROUP==LUTRAM || PRIMITIVE_SUBGROUP==dram || PRIMITIVE_SUBGROUP==uram || PRIMITIVE_SUBGROUP==BRAM}'. [D:/saumilHDLSoftwre/Vivado/2021.2/data/ip/xpm/xpm_memory/tcl/xpm_memory_xdc.tcl:3]
INFO: [Project 1-236] Implementation specific constraints were found while reading constraint file [D:/saumilHDLSoftwre/Vivado/2021.2/data/ip/xpm/xpm_memory/tcl/xpm_memory_xdc.tcl]. These constraints will be ignored for synthesis but will be used in implementation. Impacted constraints are listed in the file [.Xil/axi_bram_bd_axi_smc_0_propImpl.xdc].
Resolution: To avoid this warning, move constraints listed in [.Xil/axi_bram_bd_axi_smc_0_propImpl.xdc] to another XDC file and exclude this new file from synthesis with the used_in_synthesis property (File Properties dialog in GUI) and re-run elaboration/synthesis.
INFO: [Project 1-1714] 115 XPM XDC files have been applied to the design.
Completed Processing XDC Constraints

Netlist sorting complete. Time (s): cpu = 00:00:00 ; elapsed = 00:00:00.048 . Memory (MB): peak = 2736.293 ; gain = 0.000
INFO: [Project 1-111] Unisim Transformation Summary:
  A total of 13 instances were transformed.
  FDR => FDRE: 12 instances
  SRL16 => SRL16E: 1 instance 

Constraint Validation Runtime : Time (s): cpu = 00:00:03 ; elapsed = 00:00:02 . Memory (MB): peak = 2757.035 ; gain = 20.742
---------------------------------------------------------------------------------
Finished Constraint Validation : Time (s): cpu = 00:01:12 ; elapsed = 00:01:21 . Memory (MB): peak = 2757.035 ; gain = 1344.426
---------------------------------------------------------------------------------
---------------------------------------------------------------------------------
Start Loading Part and Timing Information
---------------------------------------------------------------------------------
Loading part: xc7z020clg400-1
---------------------------------------------------------------------------------
Finished Loading Part and Timing Information : Time (s): cpu = 00:01:12 ; elapsed = 00:01:21 . Memory (MB): peak = 2757.035 ; gain = 1344.426
---------------------------------------------------------------------------------
---------------------------------------------------------------------------------
Start Applying 'set_property' XDC Constraints
---------------------------------------------------------------------------------
Applied set_property KEEP_HIERARCHY = SOFT for inst. (constraint file  C:/vivado_tutorial/project_3/project_3.runs/axi_bram_bd_axi_smc_0_synth_1/dont_touch.xdc, line 226).
Applied set_property KEEP_HIERARCHY = SOFT for inst/m00_nodes/m00_ar_node/inst/m_sc_xpm_cdc_async_rst_inst. (constraint file  auto generated constraint).
Applied set_property KEEP_HIERARCHY = SOFT for inst/m00_nodes/m00_aw_node/inst/m_sc_xpm_cdc_async_rst_inst. (constraint file  auto generated constraint).
Applied set_property KEEP_HIERARCHY = SOFT for inst/m00_nodes/m00_b_node/inst/m_sc_xpm_cdc_async_rst_inst. (constraint file  auto generated constraint).
Applied set_property KEEP_HIERARCHY = SOFT for inst/m00_nodes/m00_r_node/inst/m_sc_xpm_cdc_async_rst_inst. (constraint file  auto generated constraint).
Applied set_property KEEP_HIERARCHY = SOFT for inst/m00_nodes/m00_w_node/inst/m_sc_xpm_cdc_async_rst_inst. (constraint file  auto generated constraint).
Applied set_property KEEP_HIERARCHY = SOFT for inst/m01_nodes/m01_ar_node/inst/m_sc_xpm_cdc_async_rst_inst. (constraint file  auto generated constraint).
Applied set_property KEEP_HIERARCHY = SOFT for inst/m01_nodes/m01_aw_node/inst/m_sc_xpm_cdc_async_rst_inst. (constraint file  auto generated constraint).
Applied set_property KEEP_HIERARCHY = SOFT for inst/m01_nodes/m01_b_node/inst/m_sc_xpm_cdc_async_rst_inst. (constraint file  auto generated constraint).
Applied set_property KEEP_HIERARCHY = SOFT for inst/m01_nodes/m01_r_node/inst/m_sc_xpm_cdc_async_rst_inst. (constraint file  auto generated constraint).
Applied set_property KEEP_HIERARCHY = SOFT for inst/m01_nodes/m01_w_node/inst/m_sc_xpm_cdc_async_rst_inst. (constraint file  auto generated constraint).
Applied set_property KEEP_HIERARCHY = SOFT for inst/m02_nodes/m02_ar_node/inst/m_sc_xpm_cdc_async_rst_inst. (constraint file  auto generated constraint).
Applied set_property KEEP_HIERARCHY = SOFT for inst/m02_nodes/m02_aw_node/inst/m_sc_xpm_cdc_async_rst_inst. (constraint file  auto generated constraint).
Applied set_property KEEP_HIERARCHY = SOFT for inst/m02_nodes/m02_b_node/inst/m_sc_xpm_cdc_async_rst_inst. (constraint file  auto generated constraint).
Applied set_property KEEP_HIERARCHY = SOFT for inst/m02_nodes/m02_r_node/inst/m_sc_xpm_cdc_async_rst_inst. (constraint file  auto generated constraint).
Applied set_property KEEP_HIERARCHY = SOFT for inst/m02_nodes/m02_w_node/inst/m_sc_xpm_cdc_async_rst_inst. (constraint file  auto generated constraint).
Applied set_property KEEP_HIERARCHY = SOFT for inst/s00_nodes/s00_ar_node/inst/m_sc_xpm_cdc_async_rst_inst. (constraint file  auto generated constraint).
Applied set_property KEEP_HIERARCHY = SOFT for inst/s00_nodes/s00_aw_node/inst/m_sc_xpm_cdc_async_rst_inst. (constraint file  auto generated constraint).
Applied set_property KEEP_HIERARCHY = SOFT for inst/s00_nodes/s00_b_node/inst/m_sc_xpm_cdc_async_rst_inst. (constraint file  auto generated constraint).
Applied set_property KEEP_HIERARCHY = SOFT for inst/s00_nodes/s00_r_node/inst/m_sc_xpm_cdc_async_rst_inst. (constraint file  auto generated constraint).
Applied set_property KEEP_HIERARCHY = SOFT for inst/s00_nodes/s00_w_node/inst/m_sc_xpm_cdc_async_rst_inst. (constraint file  auto generated constraint).
Applied set_property KEEP_HIERARCHY = SOFT for inst/s01_nodes/s01_ar_node/inst/m_sc_xpm_cdc_async_rst_inst. (constraint file  auto generated constraint).
Applied set_property KEEP_HIERARCHY = SOFT for inst/s01_nodes/s01_aw_node/inst/m_sc_xpm_cdc_async_rst_inst. (constraint file  auto generated constraint).
Applied set_property KEEP_HIERARCHY = SOFT for inst/s01_nodes/s01_b_node/inst/m_sc_xpm_cdc_async_rst_inst. (constraint file  auto generated constraint).
Applied set_property KEEP_HIERARCHY = SOFT for inst/s01_nodes/s01_r_node/inst/m_sc_xpm_cdc_async_rst_inst. (constraint file  auto generated constraint).
Applied set_property KEEP_HIERARCHY = SOFT for inst/s01_nodes/s01_w_node/inst/m_sc_xpm_cdc_async_rst_inst. (constraint file  auto generated constraint).
Applied set_property KEEP_HIERARCHY = SOFT for inst/m00_nodes/m00_ar_node/inst/s_sc_xpm_cdc_async_rst_inst. (constraint file  auto generated constraint).
Applied set_property KEEP_HIERARCHY = SOFT for inst/m00_nodes/m00_aw_node/inst/s_sc_xpm_cdc_async_rst_inst. (constraint file  auto generated constraint).
Applied set_property KEEP_HIERARCHY = SOFT for inst/m00_nodes/m00_b_node/inst/s_sc_xpm_cdc_async_rst_inst. (constraint file  auto generated constraint).
Applied set_property KEEP_HIERARCHY = SOFT for inst/m00_nodes/m00_r_node/inst/s_sc_xpm_cdc_async_rst_inst. (constraint file  auto generated constraint).
Applied set_property KEEP_HIERARCHY = SOFT for inst/m00_nodes/m00_w_node/inst/s_sc_xpm_cdc_async_rst_inst. (constraint file  auto generated constraint).
Applied set_property KEEP_HIERARCHY = SOFT for inst/m01_nodes/m01_ar_node/inst/s_sc_xpm_cdc_async_rst_inst. (constraint file  auto generated constraint).
Applied set_property KEEP_HIERARCHY = SOFT for inst/m01_nodes/m01_aw_node/inst/s_sc_xpm_cdc_async_rst_inst. (constraint file  auto generated constraint).
Applied set_property KEEP_HIERARCHY = SOFT for inst/m01_nodes/m01_b_node/inst/s_sc_xpm_cdc_async_rst_inst. (constraint file  auto generated constraint).
Applied set_property KEEP_HIERARCHY = SOFT for inst/m01_nodes/m01_r_node/inst/s_sc_xpm_cdc_async_rst_inst. (constraint file  auto generated constraint).
Applied set_property KEEP_HIERARCHY = SOFT for inst/m01_nodes/m01_w_node/inst/s_sc_xpm_cdc_async_rst_inst. (constraint file  auto generated constraint).
Applied set_property KEEP_HIERARCHY = SOFT for inst/m02_nodes/m02_ar_node/inst/s_sc_xpm_cdc_async_rst_inst. (constraint file  auto generated constraint).
Applied set_property KEEP_HIERARCHY = SOFT for inst/m02_nodes/m02_aw_node/inst/s_sc_xpm_cdc_async_rst_inst. (constraint file  auto generated constraint).
Applied set_property KEEP_HIERARCHY = SOFT for inst/m02_nodes/m02_b_node/inst/s_sc_xpm_cdc_async_rst_inst. (constraint file  auto generated constraint).
Applied set_property KEEP_HIERARCHY = SOFT for inst/m02_nodes/m02_r_node/inst/s_sc_xpm_cdc_async_rst_inst. (constraint file  auto generated constraint).
Applied set_property KEEP_HIERARCHY = SOFT for inst/m02_nodes/m02_w_node/inst/s_sc_xpm_cdc_async_rst_inst. (constraint file  auto generated constraint).
Applied set_property KEEP_HIERARCHY = SOFT for inst/s00_nodes/s00_ar_node/inst/s_sc_xpm_cdc_async_rst_inst. (constraint file  auto generated constraint).
Applied set_property KEEP_HIERARCHY = SOFT for inst/s00_nodes/s00_aw_node/inst/s_sc_xpm_cdc_async_rst_inst. (constraint file  auto generated constraint).
Applied set_property KEEP_HIERARCHY = SOFT for inst/s00_nodes/s00_b_node/inst/s_sc_xpm_cdc_async_rst_inst. (constraint file  auto generated constraint).
Applied set_property KEEP_HIERARCHY = SOFT for inst/s00_nodes/s00_r_node/inst/s_sc_xpm_cdc_async_rst_inst. (constraint file  auto generated constraint).
Applied set_property KEEP_HIERARCHY = SOFT for inst/s00_nodes/s00_w_node/inst/s_sc_xpm_cdc_async_rst_inst. (constraint file  auto generated constraint).
Applied set_property KEEP_HIERARCHY = SOFT for inst/s01_nodes/s01_ar_node/inst/s_sc_xpm_cdc_async_rst_inst. (constraint file  auto generated constraint).
Applied set_property KEEP_HIERARCHY = SOFT for inst/s01_nodes/s01_aw_node/inst/s_sc_xpm_cdc_async_rst_inst. (constraint file  auto generated constraint).
Applied set_property KEEP_HIERARCHY = SOFT for inst/s01_nodes/s01_b_node/inst/s_sc_xpm_cdc_async_rst_inst. (constraint file  auto generated constraint).
Applied set_property KEEP_HIERARCHY = SOFT for inst/s01_nodes/s01_r_node/inst/s_sc_xpm_cdc_async_rst_inst. (constraint file  auto generated constraint).
Applied set_property KEEP_HIERARCHY = SOFT for inst/s01_nodes/s01_w_node/inst/s_sc_xpm_cdc_async_rst_inst. (constraint file  auto generated constraint).
Applied set_property KEEP_HIERARCHY = SOFT for inst/m00_exit_pipeline/m00_exit/inst/xpm_cdc_async_rst_inst. (constraint file  auto generated constraint).
Applied set_property KEEP_HIERARCHY = SOFT for inst/m01_exit_pipeline/m01_exit/inst/xpm_cdc_async_rst_inst. (constraint file  auto generated constraint).
Applied set_property KEEP_HIERARCHY = SOFT for inst/m02_exit_pipeline/m02_exit/inst/xpm_cdc_async_rst_inst. (constraint file  auto generated constraint).
Applied set_property KEEP_HIERARCHY = SOFT for inst/s00_entry_pipeline/s00_mmu/inst/xpm_cdc_async_rst_inst. (constraint file  auto generated constraint).
Applied set_property KEEP_HIERARCHY = SOFT for inst/s00_entry_pipeline/s00_si_converter/inst/xpm_cdc_async_rst_inst. (constraint file  auto generated constraint).
Applied set_property KEEP_HIERARCHY = SOFT for inst/s00_entry_pipeline/s00_transaction_regulator/inst/xpm_cdc_async_rst_inst. (constraint file  auto generated constraint).
Applied set_property KEEP_HIERARCHY = SOFT for inst/s01_entry_pipeline/s01_mmu/inst/xpm_cdc_async_rst_inst. (constraint file  auto generated constraint).
Applied set_property KEEP_HIERARCHY = SOFT for inst/s01_entry_pipeline/s01_si_converter/inst/xpm_cdc_async_rst_inst. (constraint file  auto generated constraint).
Applied set_property KEEP_HIERARCHY = SOFT for inst/s01_entry_pipeline/s01_transaction_regulator/inst/xpm_cdc_async_rst_inst. (constraint file  auto generated constraint).
Applied set_property KEEP_HIERARCHY = SOFT for inst/m00_nodes/m00_ar_node/inst/inst_mi_handler/\gen_normal_area.gen_node_prog_full.inst_node_prog_full /\gen_xpm_memory_fifo.inst_fifo /\gen_mem_rep[0].inst_xpm_memory . (constraint file  auto generated constraint).
Applied set_property KEEP_HIERARCHY = SOFT for inst/m00_nodes/m00_aw_node/inst/inst_mi_handler/\gen_normal_area.gen_node_prog_full.inst_node_prog_full /\gen_xpm_memory_fifo.inst_fifo /\gen_mem_rep[0].inst_xpm_memory . (constraint file  auto generated constraint).
Applied set_property KEEP_HIERARCHY = SOFT for inst/m00_nodes/m00_w_node/inst/inst_mi_handler/\gen_normal_area.gen_node_prog_full.inst_node_prog_full /\gen_xpm_memory_fifo.inst_fifo /\gen_mem_rep[0].inst_xpm_memory . (constraint file  auto generated constraint).
Applied set_property KEEP_HIERARCHY = SOFT for inst/m01_nodes/m01_ar_node/inst/inst_mi_handler/\gen_normal_area.gen_node_prog_full.inst_node_prog_full /\gen_xpm_memory_fifo.inst_fifo /\gen_mem_rep[0].inst_xpm_memory . (constraint file  auto generated constraint).
Applied set_property KEEP_HIERARCHY = SOFT for inst/m01_nodes/m01_aw_node/inst/inst_mi_handler/\gen_normal_area.gen_node_prog_full.inst_node_prog_full /\gen_xpm_memory_fifo.inst_fifo /\gen_mem_rep[0].inst_xpm_memory . (constraint file  auto generated constraint).
Applied set_property KEEP_HIERARCHY = SOFT for inst/m01_nodes/m01_w_node/inst/inst_mi_handler/\gen_normal_area.gen_node_prog_full.inst_node_prog_full /\gen_xpm_memory_fifo.inst_fifo /\gen_mem_rep[0].inst_xpm_memory . (constraint file  auto generated constraint).
Applied set_property KEEP_HIERARCHY = SOFT for inst/m02_nodes/m02_ar_node/inst/inst_mi_handler/\gen_normal_area.gen_node_prog_full.inst_node_prog_full /\gen_xpm_memory_fifo.inst_fifo /\gen_mem_rep[0].inst_xpm_memory . (constraint file  auto generated constraint).
Applied set_property KEEP_HIERARCHY = SOFT for inst/m02_nodes/m02_aw_node/inst/inst_mi_handler/\gen_normal_area.gen_node_prog_full.inst_node_prog_full /\gen_xpm_memory_fifo.inst_fifo /\gen_mem_rep[0].inst_xpm_memory . (constraint file  auto generated constraint).
Applied set_property KEEP_HIERARCHY = SOFT for inst/m02_nodes/m02_w_node/inst/inst_mi_handler/\gen_normal_area.gen_node_prog_full.inst_node_prog_full /\gen_xpm_memory_fifo.inst_fifo /\gen_mem_rep[0].inst_xpm_memory . (constraint file  auto generated constraint).
Applied set_property KEEP_HIERARCHY = SOFT for inst/s00_nodes/s00_b_node/inst/inst_mi_handler/\gen_normal_area.gen_node_prog_full.inst_node_prog_full /\gen_xpm_memory_fifo.inst_fifo /\gen_mem_rep[0].inst_xpm_memory . (constraint file  auto generated constraint).
Applied set_property KEEP_HIERARCHY = SOFT for inst/s00_nodes/s00_r_node/inst/inst_mi_handler/\gen_normal_area.gen_node_prog_full.inst_node_prog_full /\gen_xpm_memory_fifo.inst_fifo /\gen_mem_rep[0].inst_xpm_memory . (constraint file  auto generated constraint).
Applied set_property KEEP_HIERARCHY = SOFT for inst/s01_nodes/s01_b_node/inst/inst_mi_handler/\gen_normal_area.gen_node_prog_full.inst_node_prog_full /\gen_xpm_memory_fifo.inst_fifo /\gen_mem_rep[0].inst_xpm_memory . (constraint file  auto generated constraint).
Applied set_property KEEP_HIERARCHY = SOFT for inst/s01_nodes/s01_r_node/inst/inst_mi_handler/\gen_normal_area.gen_node_prog_full.inst_node_prog_full /\gen_xpm_memory_fifo.inst_fifo /\gen_mem_rep[0].inst_xpm_memory . (constraint file  auto generated constraint).
Applied set_property KEEP_HIERARCHY = SOFT for inst/m00_nodes/m00_ar_node/inst/inst_mi_handler/\gen_normal_area.inst_fifo_node_payld /\gen_xpm_memory_fifo.inst_fifo /\gen_mem_rep[0].inst_xpm_memory . (constraint file  auto generated constraint).
Applied set_property KEEP_HIERARCHY = SOFT for inst/m00_nodes/m00_aw_node/inst/inst_mi_handler/\gen_normal_area.inst_fifo_node_payld /\gen_xpm_memory_fifo.inst_fifo /\gen_mem_rep[0].inst_xpm_memory . (constraint file  auto generated constraint).
Applied set_property KEEP_HIERARCHY = SOFT for inst/m01_nodes/m01_ar_node/inst/inst_mi_handler/\gen_normal_area.inst_fifo_node_payld /\gen_xpm_memory_fifo.inst_fifo /\gen_mem_rep[0].inst_xpm_memory . (constraint file  auto generated constraint).
Applied set_property KEEP_HIERARCHY = SOFT for inst/m01_nodes/m01_aw_node/inst/inst_mi_handler/\gen_normal_area.inst_fifo_node_payld /\gen_xpm_memory_fifo.inst_fifo /\gen_mem_rep[0].inst_xpm_memory . (constraint file  auto generated constraint).
Applied set_property KEEP_HIERARCHY = SOFT for inst/m02_nodes/m02_ar_node/inst/inst_mi_handler/\gen_normal_area.inst_fifo_node_payld /\gen_xpm_memory_fifo.inst_fifo /\gen_mem_rep[0].inst_xpm_memory . (constraint file  auto generated constraint).
Applied set_property KEEP_HIERARCHY = SOFT for inst/m02_nodes/m02_aw_node/inst/inst_mi_handler/\gen_normal_area.inst_fifo_node_payld /\gen_xpm_memory_fifo.inst_fifo /\gen_mem_rep[0].inst_xpm_memory . (constraint file  auto generated constraint).
Applied set_property KEEP_HIERARCHY = SOFT for inst/m00_nodes/m00_b_node/inst/inst_mi_handler/\gen_normal_area.gen_fifo_req.inst_fifo_req /\gen_xpm_memory_fifo.inst_fifo /\gen_mem_rep[0].inst_xpm_memory . (constraint file  auto generated constraint).
Applied set_property KEEP_HIERARCHY = SOFT for inst/m00_nodes/m00_r_node/inst/inst_mi_handler/\gen_normal_area.gen_fifo_req.inst_fifo_req /\gen_xpm_memory_fifo.inst_fifo /\gen_mem_rep[0].inst_xpm_memory . (constraint file  auto generated constraint).
Applied set_property KEEP_HIERARCHY = SOFT for inst/m01_nodes/m01_b_node/inst/inst_mi_handler/\gen_normal_area.gen_fifo_req.inst_fifo_req /\gen_xpm_memory_fifo.inst_fifo /\gen_mem_rep[0].inst_xpm_memory . (constraint file  auto generated constraint).
Applied set_property KEEP_HIERARCHY = SOFT for inst/m01_nodes/m01_r_node/inst/inst_mi_handler/\gen_normal_area.gen_fifo_req.inst_fifo_req /\gen_xpm_memory_fifo.inst_fifo /\gen_mem_rep[0].inst_xpm_memory . (constraint file  auto generated constraint).
Applied set_property KEEP_HIERARCHY = SOFT for inst/m02_nodes/m02_b_node/inst/inst_mi_handler/\gen_normal_area.gen_fifo_req.inst_fifo_req /\gen_xpm_memory_fifo.inst_fifo /\gen_mem_rep[0].inst_xpm_memory . (constraint file  auto generated constraint).
Applied set_property KEEP_HIERARCHY = SOFT for inst/m02_nodes/m02_r_node/inst/inst_mi_handler/\gen_normal_area.gen_fifo_req.inst_fifo_req /\gen_xpm_memory_fifo.inst_fifo /\gen_mem_rep[0].inst_xpm_memory . (constraint file  auto generated constraint).
Applied set_property KEEP_HIERARCHY = SOFT for inst/m00_nodes/m00_b_node/inst/inst_mi_handler/\gen_normal_area.inst_fifo_node_payld /\gen_xpm_memory_fifo.inst_fifo /\gen_mem_rep[0].inst_xpm_memory . (constraint file  auto generated constraint).
Applied set_property KEEP_HIERARCHY = SOFT for inst/m01_nodes/m01_b_node/inst/inst_mi_handler/\gen_normal_area.inst_fifo_node_payld /\gen_xpm_memory_fifo.inst_fifo /\gen_mem_rep[0].inst_xpm_memory . (constraint file  auto generated constraint).
Applied set_property KEEP_HIERARCHY = SOFT for inst/m02_nodes/m02_b_node/inst/inst_mi_handler/\gen_normal_area.inst_fifo_node_payld /\gen_xpm_memory_fifo.inst_fifo /\gen_mem_rep[0].inst_xpm_memory . (constraint file  auto generated constraint).
Applied set_property KEEP_HIERARCHY = SOFT for inst/m00_nodes/m00_r_node/inst/inst_mi_handler/\gen_normal_area.inst_fifo_node_payld /\gen_xpm_memory_fifo.inst_fifo /\gen_mem_rep[0].inst_xpm_memory . (constraint file  auto generated constraint).
Applied set_property KEEP_HIERARCHY = SOFT for inst/m01_nodes/m01_r_node/inst/inst_mi_handler/\gen_normal_area.inst_fifo_node_payld /\gen_xpm_memory_fifo.inst_fifo /\gen_mem_rep[0].inst_xpm_memory . (constraint file  auto generated constraint).
Applied set_property KEEP_HIERARCHY = SOFT for inst/m02_nodes/m02_r_node/inst/inst_mi_handler/\gen_normal_area.inst_fifo_node_payld /\gen_xpm_memory_fifo.inst_fifo /\gen_mem_rep[0].inst_xpm_memory . (constraint file  auto generated constraint).
Applied set_property KEEP_HIERARCHY = SOFT for inst/m00_nodes/m00_w_node/inst/inst_mi_handler/\gen_normal_area.inst_fifo_node_payld /\gen_xpm_memory_fifo.inst_fifo /\gen_mem_rep[0].inst_xpm_memory . (constraint file  auto generated constraint).
Applied set_property KEEP_HIERARCHY = SOFT for inst/m01_nodes/m01_w_node/inst/inst_mi_handler/\gen_normal_area.inst_fifo_node_payld /\gen_xpm_memory_fifo.inst_fifo /\gen_mem_rep[0].inst_xpm_memory . (constraint file  auto generated constraint).
Applied set_property KEEP_HIERARCHY = SOFT for inst/m02_nodes/m02_w_node/inst/inst_mi_handler/\gen_normal_area.inst_fifo_node_payld /\gen_xpm_memory_fifo.inst_fifo /\gen_mem_rep[0].inst_xpm_memory . (constraint file  auto generated constraint).
Applied set_property KEEP_HIERARCHY = SOFT for inst/m00_nodes/m00_w_node/inst/inst_si_handler/\gen_si_handler.gen_request_fifos.gen_req_fifo[0].inst_req_fifo /\gen_xpm_memory_fifo.inst_fifo /\gen_mem_rep[0].inst_xpm_memory . (constraint file  auto generated constraint).
Applied set_property KEEP_HIERARCHY = SOFT for inst/m00_nodes/m00_w_node/inst/inst_si_handler/\gen_si_handler.gen_request_fifos.gen_req_fifo[1].inst_req_fifo /\gen_xpm_memory_fifo.inst_fifo /\gen_mem_rep[0].inst_xpm_memory . (constraint file  auto generated constraint).
Applied set_property KEEP_HIERARCHY = SOFT for inst/m01_nodes/m01_w_node/inst/inst_si_handler/\gen_si_handler.gen_request_fifos.gen_req_fifo[0].inst_req_fifo /\gen_xpm_memory_fifo.inst_fifo /\gen_mem_rep[0].inst_xpm_memory . (constraint file  auto generated constraint).
Applied set_property KEEP_HIERARCHY = SOFT for inst/m01_nodes/m01_w_node/inst/inst_si_handler/\gen_si_handler.gen_request_fifos.gen_req_fifo[1].inst_req_fifo /\gen_xpm_memory_fifo.inst_fifo /\gen_mem_rep[0].inst_xpm_memory . (constraint file  auto generated constraint).
Applied set_property KEEP_HIERARCHY = SOFT for inst/m02_nodes/m02_w_node/inst/inst_si_handler/\gen_si_handler.gen_request_fifos.gen_req_fifo[0].inst_req_fifo /\gen_xpm_memory_fifo.inst_fifo /\gen_mem_rep[0].inst_xpm_memory . (constraint file  auto generated constraint).
Applied set_property KEEP_HIERARCHY = SOFT for inst/m02_nodes/m02_w_node/inst/inst_si_handler/\gen_si_handler.gen_request_fifos.gen_req_fifo[1].inst_req_fifo /\gen_xpm_memory_fifo.inst_fifo /\gen_mem_rep[0].inst_xpm_memory . (constraint file  auto generated constraint).
Applied set_property KEEP_HIERARCHY = SOFT for inst/s00_nodes/s00_ar_node/inst/inst_mi_handler/\gen_normal_area.gen_fifo_req.inst_fifo_req /\gen_xpm_memory_fifo.inst_fifo /\gen_mem_rep[0].inst_xpm_memory . (constraint file  auto generated constraint).
Applied set_property KEEP_HIERARCHY = SOFT for inst/s00_nodes/s00_aw_node/inst/inst_mi_handler/\gen_normal_area.gen_fifo_req.inst_fifo_req /\gen_xpm_memory_fifo.inst_fifo /\gen_mem_rep[0].inst_xpm_memory . (constraint file  auto generated constraint).
Applied set_property KEEP_HIERARCHY = SOFT for inst/s00_nodes/s00_w_node/inst/inst_mi_handler/\gen_normal_area.gen_fifo_req.inst_fifo_req /\gen_xpm_memory_fifo.inst_fifo /\gen_mem_rep[0].inst_xpm_memory . (constraint file  auto generated constraint).
Applied set_property KEEP_HIERARCHY = SOFT for inst/s01_nodes/s01_ar_node/inst/inst_mi_handler/\gen_normal_area.gen_fifo_req.inst_fifo_req /\gen_xpm_memory_fifo.inst_fifo /\gen_mem_rep[0].inst_xpm_memory . (constraint file  auto generated constraint).
Applied set_property KEEP_HIERARCHY = SOFT for inst/s01_nodes/s01_aw_node/inst/inst_mi_handler/\gen_normal_area.gen_fifo_req.inst_fifo_req /\gen_xpm_memory_fifo.inst_fifo /\gen_mem_rep[0].inst_xpm_memory . (constraint file  auto generated constraint).
Applied set_property KEEP_HIERARCHY = SOFT for inst/s01_nodes/s01_w_node/inst/inst_mi_handler/\gen_normal_area.gen_fifo_req.inst_fifo_req /\gen_xpm_memory_fifo.inst_fifo /\gen_mem_rep[0].inst_xpm_memory . (constraint file  auto generated constraint).
Applied set_property KEEP_HIERARCHY = SOFT for inst/s00_nodes/s00_ar_node/inst/inst_mi_handler/\gen_normal_area.inst_fifo_node_payld /\gen_xpm_memory_fifo.inst_fifo /\gen_mem_rep[0].inst_xpm_memory . (constraint file  auto generated constraint).
Applied set_property KEEP_HIERARCHY = SOFT for inst/s00_nodes/s00_aw_node/inst/inst_mi_handler/\gen_normal_area.inst_fifo_node_payld /\gen_xpm_memory_fifo.inst_fifo /\gen_mem_rep[0].inst_xpm_memory . (constraint file  auto generated constraint).
Applied set_property KEEP_HIERARCHY = SOFT for inst/s01_nodes/s01_ar_node/inst/inst_mi_handler/\gen_normal_area.inst_fifo_node_payld /\gen_xpm_memory_fifo.inst_fifo /\gen_mem_rep[0].inst_xpm_memory . (constraint file  auto generated constraint).
Applied set_property KEEP_HIERARCHY = SOFT for inst/s01_nodes/s01_aw_node/inst/inst_mi_handler/\gen_normal_area.inst_fifo_node_payld /\gen_xpm_memory_fifo.inst_fifo /\gen_mem_rep[0].inst_xpm_memory . (constraint file  auto generated constraint).
Applied set_property KEEP_HIERARCHY = SOFT for inst/s00_nodes/s00_b_node/inst/inst_mi_handler/\gen_normal_area.inst_fifo_node_payld /\gen_xpm_memory_fifo.inst_fifo /\gen_mem_rep[0].inst_xpm_memory . (constraint file  auto generated constraint).
Applied set_property KEEP_HIERARCHY = SOFT for inst/s01_nodes/s01_b_node/inst/inst_mi_handler/\gen_normal_area.inst_fifo_node_payld /\gen_xpm_memory_fifo.inst_fifo /\gen_mem_rep[0].inst_xpm_memory . (constraint file  auto generated constraint).
Applied set_property KEEP_HIERARCHY = SOFT for inst/s00_nodes/s00_r_node/inst/inst_mi_handler/\gen_normal_area.inst_fifo_node_payld /\gen_xpm_memory_fifo.inst_fifo /\gen_mem_rep[0].inst_xpm_memory . (constraint file  auto generated constraint).
Applied set_property KEEP_HIERARCHY = SOFT for inst/s01_nodes/s01_r_node/inst/inst_mi_handler/\gen_normal_area.inst_fifo_node_payld /\gen_xpm_memory_fifo.inst_fifo /\gen_mem_rep[0].inst_xpm_memory . (constraint file  auto generated constraint).
Applied set_property KEEP_HIERARCHY = SOFT for inst/s00_nodes/s00_w_node/inst/inst_mi_handler/\gen_normal_area.inst_fifo_node_payld /\gen_xpm_memory_fifo.inst_fifo /\gen_mem_rep[0].inst_xpm_memory . (constraint file  auto generated constraint).
Applied set_property KEEP_HIERARCHY = SOFT for inst/s01_nodes/s01_w_node/inst/inst_mi_handler/\gen_normal_area.inst_fifo_node_payld /\gen_xpm_memory_fifo.inst_fifo /\gen_mem_rep[0].inst_xpm_memory . (constraint file  auto generated constraint).
---------------------------------------------------------------------------------
Finished applying 'set_property' XDC Constraints : Time (s): cpu = 00:01:12 ; elapsed = 00:01:21 . Memory (MB): peak = 2757.035 ; gain = 1344.426
---------------------------------------------------------------------------------
INFO: [Synth 8-4490] FSM extraction disabled for register 'gen_pipelined.state_reg' through user attribute
INFO: [Synth 8-4490] FSM extraction disabled for register 'gen_pipelined.state_reg' through user attribute
INFO: [Synth 8-4490] FSM extraction disabled for register 'gen_pipelined.state_reg' through user attribute
INFO: [Synth 8-4490] FSM extraction disabled for register 'gen_AB_reg_slice.state_reg' through user attribute
INFO: [Synth 8-802] inferred FSM for state register 'w_state_reg' in module 'sc_exit_v1_0_12_axilite_conv'
INFO: [Synth 8-802] inferred FSM for state register 'r_state_reg' in module 'sc_exit_v1_0_12_axilite_conv'
INFO: [Synth 8-4490] FSM extraction disabled for register 'gen_pipelined.state_reg' through user attribute
INFO: [Synth 8-802] inferred FSM for state register 'gen_axi.gen_write.write_cs_reg' in module 'sc_mmu_v1_0_10_decerr_slave'
INFO: [Synth 8-4490] FSM extraction disabled for register 'gen_pipelined.state_reg' through user attribute
INFO: [Synth 8-4490] FSM extraction disabled for register 'gen_pipelined.state_reg' through user attribute
INFO: [Synth 8-4490] FSM extraction disabled for register 'gen_pipelined.state_reg' through user attribute
INFO: [Synth 8-4490] FSM extraction disabled for register 'gen_pipelined.state_reg' through user attribute
INFO: [Synth 8-802] inferred FSM for state register 'state_reg' in module 'sc_transaction_regulator_v1_0_9_multithread'
INFO: [Synth 8-4490] FSM extraction disabled for register 'gen_AB_reg_slice.state_reg' through user attribute
INFO: [Synth 8-802] inferred FSM for state register 'gen_axi.gen_write.write_cs_reg' in module 'sc_mmu_v1_0_10_decerr_slave__parameterized0'
INFO: [Synth 8-4490] FSM extraction disabled for register 'gen_pipelined.state_reg' through user attribute
---------------------------------------------------------------------------------------------------
                   State |                     New Encoding |                Previous Encoding 
---------------------------------------------------------------------------------------------------
                  W_IDLE |                              000 | 00000000000000000000000000000000
                    W_RX |                              001 | 00000000000000000000000000000001
                    W_TX |                              010 | 00000000000000000000000000000010
              W_COMPLETE |                              011 | 00000000000000000000000000000100
               W_RECOVER |                              100 | 00000000000000000000000000000011
---------------------------------------------------------------------------------------------------
INFO: [Synth 8-3354] encoded FSM with state register 'w_state_reg' using encoding 'sequential' in module 'sc_exit_v1_0_12_axilite_conv'
---------------------------------------------------------------------------------------------------
                   State |                     New Encoding |                Previous Encoding 
---------------------------------------------------------------------------------------------------
                  R_IDLE |                               00 | 00000000000000000000000000000000
                    R_RX |                               01 | 00000000000000000000000000000001
                    R_TX |                               10 | 00000000000000000000000000000010
---------------------------------------------------------------------------------------------------
INFO: [Synth 8-3354] encoded FSM with state register 'r_state_reg' using encoding 'sequential' in module 'sc_exit_v1_0_12_axilite_conv'
---------------------------------------------------------------------------------------------------
                   State |                     New Encoding |                Previous Encoding 
---------------------------------------------------------------------------------------------------
            P_WRITE_IDLE |                              001 |                               00
            P_WRITE_DATA |                              010 |                               01
            P_WRITE_RESP |                              100 |                               10
---------------------------------------------------------------------------------------------------
INFO: [Synth 8-3354] encoded FSM with state register 'gen_axi.gen_write.write_cs_reg' using encoding 'one-hot' in module 'sc_mmu_v1_0_10_decerr_slave'
---------------------------------------------------------------------------------------------------
                   State |                     New Encoding |                Previous Encoding 
---------------------------------------------------------------------------------------------------
                    INIT |                              000 | 00000000000000000000000000000000
                    IDLE |                              001 | 00000000000000000000000000000001
                DEADLOCK |                              010 | 00000000000000000000000000000010
                OVERFLOW |                              011 | 00000000000000000000000000000100
                ALLOCATE |                              100 | 00000000000000000000000000000011
                 REFRESH |                              101 | 00000000000000000000000000000101
---------------------------------------------------------------------------------------------------
INFO: [Synth 8-3354] encoded FSM with state register 'state_reg' using encoding 'sequential' in module 'sc_transaction_regulator_v1_0_9_multithread'
---------------------------------------------------------------------------------------------------
                   State |                     New Encoding |                Previous Encoding 
---------------------------------------------------------------------------------------------------
            P_WRITE_IDLE |                              001 |                               00
            P_WRITE_DATA |                              010 |                               01
            P_WRITE_RESP |                              100 |                               10
---------------------------------------------------------------------------------------------------
INFO: [Synth 8-3354] encoded FSM with state register 'gen_axi.gen_write.write_cs_reg' using encoding 'one-hot' in module 'sc_mmu_v1_0_10_decerr_slave__parameterized0'
---------------------------------------------------------------------------------
Finished RTL Optimization Phase 2 : Time (s): cpu = 00:01:20 ; elapsed = 00:01:30 . Memory (MB): peak = 2757.035 ; gain = 1344.426
---------------------------------------------------------------------------------
---------------------------------------------------------------------------------
Start RTL Component Statistics 
---------------------------------------------------------------------------------
Detailed RTL Component Info : 
+---Adders : 
	   2 Input   12 Bit       Adders := 2     
	   2 Input    9 Bit       Adders := 3     
	   2 Input    8 Bit       Adders := 26    
	   2 Input    7 Bit       Adders := 8     
	   3 Input    6 Bit       Adders := 7     
	   2 Input    6 Bit       Adders := 303   
	   2 Input    5 Bit       Adders := 21    
	   3 Input    5 Bit       Adders := 7     
	   4 Input    5 Bit       Adders := 7     
	   2 Input    4 Bit       Adders := 65    
	   3 Input    4 Bit       Adders := 4     
	   2 Input    3 Bit       Adders := 38    
	   2 Input    2 Bit       Adders := 35    
	   3 Input    1 Bit       Adders := 10    
+---XORs : 
	   2 Input      1 Bit         XORs := 460   
+---Registers : 
	             2178 Bit    Registers := 76    
	              512 Bit    Registers := 1     
	              164 Bit    Registers := 6     
	              146 Bit    Registers := 10    
	              104 Bit    Registers := 2     
	               74 Bit    Registers := 2     
	               72 Bit    Registers := 3     
	               64 Bit    Registers := 6     
	               55 Bit    Registers := 5     
	               54 Bit    Registers := 5     
	               47 Bit    Registers := 3     
	               43 Bit    Registers := 4     
	               42 Bit    Registers := 5     
	               40 Bit    Registers := 2     
	               33 Bit    Registers := 3     
	               32 Bit    Registers := 7     
	               28 Bit    Registers := 2     
	               21 Bit    Registers := 5     
	               20 Bit    Registers := 6     
	               19 Bit    Registers := 6     
	               16 Bit    Registers := 5     
	               14 Bit    Registers := 2     
	               13 Bit    Registers := 1     
	               12 Bit    Registers := 18    
	                9 Bit    Registers := 8     
	                8 Bit    Registers := 30    
	                7 Bit    Registers := 3     
	                6 Bit    Registers := 153   
	                5 Bit    Registers := 28    
	                4 Bit    Registers := 92    
	                3 Bit    Registers := 150   
	                2 Bit    Registers := 101   
	                1 Bit    Registers := 1196  
+---Muxes : 
	   2 Input 2178 Bit        Muxes := 37    
	   2 Input  146 Bit        Muxes := 6     
	   4 Input   55 Bit        Muxes := 2     
	   2 Input   54 Bit        Muxes := 3     
	   2 Input   47 Bit        Muxes := 3     
	   2 Input   43 Bit        Muxes := 4     
	   2 Input   42 Bit        Muxes := 4     
	   2 Input   40 Bit        Muxes := 1     
	   2 Input   33 Bit        Muxes := 3     
	   3 Input   32 Bit        Muxes := 1     
	   2 Input   32 Bit        Muxes := 30    
	   2 Input   21 Bit        Muxes := 5     
	   2 Input   16 Bit        Muxes := 5     
	   2 Input   14 Bit        Muxes := 2     
	   3 Input   13 Bit        Muxes := 1     
	   2 Input   13 Bit        Muxes := 1     
	   2 Input   12 Bit        Muxes := 23    
	   5 Input   12 Bit        Muxes := 1     
	   5 Input    9 Bit        Muxes := 1     
	   2 Input    9 Bit        Muxes := 3     
	   4 Input    9 Bit        Muxes := 2     
	   3 Input    8 Bit        Muxes := 1     
	   2 Input    8 Bit        Muxes := 96    
	   7 Input    8 Bit        Muxes := 4     
	   2 Input    7 Bit        Muxes := 44    
	   2 Input    6 Bit        Muxes := 51    
	   2 Input    5 Bit        Muxes := 21    
	   4 Input    5 Bit        Muxes := 8     
	   2 Input    4 Bit        Muxes := 92    
	   3 Input    4 Bit        Muxes := 4     
	   4 Input    3 Bit        Muxes := 33    
	  11 Input    3 Bit        Muxes := 29    
	   2 Input    3 Bit        Muxes := 48    
	   5 Input    3 Bit        Muxes := 3     
	   9 Input    3 Bit        Muxes := 2     
	   6 Input    3 Bit        Muxes := 2     
	   2 Input    2 Bit        Muxes := 313   
	   4 Input    2 Bit        Muxes := 3     
	   3 Input    2 Bit        Muxes := 2     
	   5 Input    2 Bit        Muxes := 2     
	   7 Input    2 Bit        Muxes := 12    
	   6 Input    1 Bit        Muxes := 325   
	   4 Input    1 Bit        Muxes := 84    
	  10 Input    1 Bit        Muxes := 111   
	   7 Input    1 Bit        Muxes := 74    
	  12 Input    1 Bit        Muxes := 31    
	   2 Input    1 Bit        Muxes := 746   
	   5 Input    1 Bit        Muxes := 14    
	   3 Input    1 Bit        Muxes := 35    
---------------------------------------------------------------------------------
Finished RTL Component Statistics 
---------------------------------------------------------------------------------
---------------------------------------------------------------------------------
Start Part Resource Summary
---------------------------------------------------------------------------------
Part Resources:
DSPs: 220 (col length:60)
BRAMs: 280 (col length: RAMB18 60 RAMB36 30)
---------------------------------------------------------------------------------
Finished Part Resource Summary
---------------------------------------------------------------------------------
---------------------------------------------------------------------------------
Start Cross Boundary and Area Optimization
---------------------------------------------------------------------------------
WARNING: [Synth 8-7080] Parallel synthesis criteria is not met
---------------------------------------------------------------------------------
Finished Cross Boundary and Area Optimization : Time (s): cpu = 00:02:29 ; elapsed = 00:02:42 . Memory (MB): peak = 2757.035 ; gain = 1344.426
---------------------------------------------------------------------------------
---------------------------------------------------------------------------------
Start ROM, RAM, DSP, Shift Register and Retiming Reporting
---------------------------------------------------------------------------------

Distributed RAM: Preliminary Mapping Report (see note below)
+--------------------------------------------------------------------------------------------------------------------------------------------------------------------------------------------------------+----------------------------------+----------------+----------------------+---------------+
|Module Name                                                                                                                                                                                             | RTL Object                       | Inference      | Size (Depth x Width) | Primitives    | 
+--------------------------------------------------------------------------------------------------------------------------------------------------------------------------------------------------------+----------------------------------+----------------+----------------------+---------------+
|inst/i_0/\m00_nodes/m00_ar_node/inst /\inst_mi_handler/gen_normal_area.inst_fifo_node_payld/gen_xpm_memory_fifo.inst_fifo/gen_mem_rep[0].inst_xpm_memory /xpm_memory_base_inst                          | gen_wr_a.gen_word_narrow.mem_reg | User Attribute | 32 x 164             | RAM32M x 28   | 
|inst/i_0/\m00_nodes/m00_aw_node/inst /\inst_mi_handler/gen_normal_area.inst_fifo_node_payld/gen_xpm_memory_fifo.inst_fifo/gen_mem_rep[0].inst_xpm_memory /xpm_memory_base_inst                          | gen_wr_a.gen_word_narrow.mem_reg | User Attribute | 32 x 164             | RAM32M x 28   | 
|inst/i_0/\m00_nodes/m00_b_node/inst /\inst_mi_handler/gen_normal_area.gen_fifo_req.inst_fifo_req/gen_xpm_memory_fifo.inst_fifo/gen_mem_rep[0].inst_xpm_memory /xpm_memory_base_inst                     | gen_wr_a.gen_word_narrow.mem_reg | User Attribute | 32 x 19              | RAM32M x 4    | 
|inst/i_0/\m00_nodes/m00_b_node/inst /\inst_mi_handler/gen_normal_area.inst_fifo_node_payld/gen_xpm_memory_fifo.inst_fifo/gen_mem_rep[0].inst_xpm_memory /xpm_memory_base_inst                           | gen_wr_a.gen_word_narrow.mem_reg | User Attribute | 32 x 9               | RAM32M x 2    | 
|inst/i_0/\m00_nodes/m00_r_node/inst /\inst_mi_handler/gen_normal_area.gen_fifo_req.inst_fifo_req/gen_xpm_memory_fifo.inst_fifo/gen_mem_rep[0].inst_xpm_memory /xpm_memory_base_inst                     | gen_wr_a.gen_word_narrow.mem_reg | User Attribute | 32 x 19              | RAM32M x 4    | 
|inst/i_0/\m00_nodes/m00_r_node/inst /\inst_mi_handler/gen_normal_area.inst_fifo_node_payld/gen_xpm_memory_fifo.inst_fifo/gen_mem_rep[0].inst_xpm_memory /xpm_memory_base_inst                           | gen_wr_a.gen_word_narrow.mem_reg | User Attribute | 32 x 55              | RAM32M x 10   | 
|inst/i_0/\m00_nodes/m00_w_node/inst /\inst_si_handler/gen_si_handler.gen_request_fifos.gen_req_fifo[0].inst_req_fifo/gen_xpm_memory_fifo.inst_fifo/gen_mem_rep[0].inst_xpm_memory /xpm_memory_base_inst | gen_wr_a.gen_word_narrow.mem_reg | User Attribute | 4 x 1                | RAM16X1D x 1  | 
|inst/i_0/\m00_nodes/m00_w_node/inst /\inst_si_handler/gen_si_handler.gen_request_fifos.gen_req_fifo[1].inst_req_fifo/gen_xpm_memory_fifo.inst_fifo/gen_mem_rep[0].inst_xpm_memory /xpm_memory_base_inst | gen_wr_a.gen_word_narrow.mem_reg | User Attribute | 4 x 1                | RAM16X1D x 1  | 
|inst/i_0/\m00_nodes/m00_w_node/inst /\inst_mi_handler/gen_normal_area.inst_fifo_node_payld/gen_xpm_memory_fifo.inst_fifo/gen_mem_rep[0].inst_xpm_memory /xpm_memory_base_inst                           | gen_wr_a.gen_word_narrow.mem_reg | User Attribute | 32 x 72              | RAM32M x 12   | 
|inst/i_0/\m01_nodes/m01_ar_node/inst /\inst_mi_handler/gen_normal_area.inst_fifo_node_payld/gen_xpm_memory_fifo.inst_fifo/gen_mem_rep[0].inst_xpm_memory /xpm_memory_base_inst                          | gen_wr_a.gen_word_narrow.mem_reg | User Attribute | 32 x 164             | RAM32M x 28   | 
|inst/i_0/\m01_nodes/m01_aw_node/inst /\inst_mi_handler/gen_normal_area.inst_fifo_node_payld/gen_xpm_memory_fifo.inst_fifo/gen_mem_rep[0].inst_xpm_memory /xpm_memory_base_inst                          | gen_wr_a.gen_word_narrow.mem_reg | User Attribute | 32 x 164             | RAM32M x 28   | 
|inst/i_0/\m01_nodes/m01_b_node/inst /\inst_mi_handler/gen_normal_area.gen_fifo_req.inst_fifo_req/gen_xpm_memory_fifo.inst_fifo/gen_mem_rep[0].inst_xpm_memory /xpm_memory_base_inst                     | gen_wr_a.gen_word_narrow.mem_reg | User Attribute | 32 x 19              | RAM32M x 4    | 
|inst/i_0/\m01_nodes/m01_b_node/inst /\inst_mi_handler/gen_normal_area.inst_fifo_node_payld/gen_xpm_memory_fifo.inst_fifo/gen_mem_rep[0].inst_xpm_memory /xpm_memory_base_inst                           | gen_wr_a.gen_word_narrow.mem_reg | User Attribute | 32 x 9               | RAM32M x 2    | 
|inst/i_0/\m01_nodes/m01_r_node/inst /\inst_mi_handler/gen_normal_area.gen_fifo_req.inst_fifo_req/gen_xpm_memory_fifo.inst_fifo/gen_mem_rep[0].inst_xpm_memory /xpm_memory_base_inst                     | gen_wr_a.gen_word_narrow.mem_reg | User Attribute | 32 x 19              | RAM32M x 4    | 
|inst/i_0/\m01_nodes/m01_r_node/inst /\inst_mi_handler/gen_normal_area.inst_fifo_node_payld/gen_xpm_memory_fifo.inst_fifo/gen_mem_rep[0].inst_xpm_memory /xpm_memory_base_inst                           | gen_wr_a.gen_word_narrow.mem_reg | User Attribute | 32 x 55              | RAM32M x 10   | 
|inst/i_0/\m01_nodes/m01_w_node/inst /\inst_si_handler/gen_si_handler.gen_request_fifos.gen_req_fifo[0].inst_req_fifo/gen_xpm_memory_fifo.inst_fifo/gen_mem_rep[0].inst_xpm_memory /xpm_memory_base_inst | gen_wr_a.gen_word_narrow.mem_reg | User Attribute | 4 x 1                | RAM16X1D x 1  | 
|inst/i_0/\m01_nodes/m01_w_node/inst /\inst_si_handler/gen_si_handler.gen_request_fifos.gen_req_fifo[1].inst_req_fifo/gen_xpm_memory_fifo.inst_fifo/gen_mem_rep[0].inst_xpm_memory /xpm_memory_base_inst | gen_wr_a.gen_word_narrow.mem_reg | User Attribute | 4 x 1                | RAM16X1D x 1  | 
|inst/i_0/\m01_nodes/m01_w_node/inst /\inst_mi_handler/gen_normal_area.inst_fifo_node_payld/gen_xpm_memory_fifo.inst_fifo/gen_mem_rep[0].inst_xpm_memory /xpm_memory_base_inst                           | gen_wr_a.gen_word_narrow.mem_reg | User Attribute | 32 x 72              | RAM32M x 12   | 
|inst/i_0/\m02_nodes/m02_ar_node/inst /\inst_mi_handler/gen_normal_area.inst_fifo_node_payld/gen_xpm_memory_fifo.inst_fifo/gen_mem_rep[0].inst_xpm_memory /xpm_memory_base_inst                          | gen_wr_a.gen_word_narrow.mem_reg | User Attribute | 32 x 164             | RAM32M x 28   | 
|inst/i_0/\m02_nodes/m02_aw_node/inst /\inst_mi_handler/gen_normal_area.inst_fifo_node_payld/gen_xpm_memory_fifo.inst_fifo/gen_mem_rep[0].inst_xpm_memory /xpm_memory_base_inst                          | gen_wr_a.gen_word_narrow.mem_reg | User Attribute | 32 x 164             | RAM32M x 28   | 
|inst/i_0/\m02_nodes/m02_b_node/inst /\inst_mi_handler/gen_normal_area.gen_fifo_req.inst_fifo_req/gen_xpm_memory_fifo.inst_fifo/gen_mem_rep[0].inst_xpm_memory /xpm_memory_base_inst                     | gen_wr_a.gen_word_narrow.mem_reg | User Attribute | 32 x 19              | RAM32M x 4    | 
|inst/i_0/\m02_nodes/m02_b_node/inst /\inst_mi_handler/gen_normal_area.inst_fifo_node_payld/gen_xpm_memory_fifo.inst_fifo/gen_mem_rep[0].inst_xpm_memory /xpm_memory_base_inst                           | gen_wr_a.gen_word_narrow.mem_reg | User Attribute | 32 x 9               | RAM32M x 2    | 
|inst/i_0/\m02_nodes/m02_r_node/inst /\inst_mi_handler/gen_normal_area.gen_fifo_req.inst_fifo_req/gen_xpm_memory_fifo.inst_fifo/gen_mem_rep[0].inst_xpm_memory /xpm_memory_base_inst                     | gen_wr_a.gen_word_narrow.mem_reg | User Attribute | 32 x 19              | RAM32M x 4    | 
|inst/i_0/\m02_nodes/m02_r_node/inst /\inst_mi_handler/gen_normal_area.inst_fifo_node_payld/gen_xpm_memory_fifo.inst_fifo/gen_mem_rep[0].inst_xpm_memory /xpm_memory_base_inst                           | gen_wr_a.gen_word_narrow.mem_reg | User Attribute | 32 x 55              | RAM32M x 10   | 
|inst/i_0/\m02_nodes/m02_w_node/inst /\inst_si_handler/gen_si_handler.gen_request_fifos.gen_req_fifo[0].inst_req_fifo/gen_xpm_memory_fifo.inst_fifo/gen_mem_rep[0].inst_xpm_memory /xpm_memory_base_inst | gen_wr_a.gen_word_narrow.mem_reg | User Attribute | 4 x 1                | RAM16X1D x 1  | 
|inst/i_0/\m02_nodes/m02_w_node/inst /\inst_si_handler/gen_si_handler.gen_request_fifos.gen_req_fifo[1].inst_req_fifo/gen_xpm_memory_fifo.inst_fifo/gen_mem_rep[0].inst_xpm_memory /xpm_memory_base_inst | gen_wr_a.gen_word_narrow.mem_reg | User Attribute | 4 x 1                | RAM16X1D x 1  | 
|inst/i_0/\m02_nodes/m02_w_node/inst /\inst_mi_handler/gen_normal_area.inst_fifo_node_payld/gen_xpm_memory_fifo.inst_fifo/gen_mem_rep[0].inst_xpm_memory /xpm_memory_base_inst                           | gen_wr_a.gen_word_narrow.mem_reg | User Attribute | 32 x 72              | RAM32M x 12   | 
|inst/i_0/\s00_nodes/s00_ar_node/inst /\inst_mi_handler/gen_normal_area.gen_fifo_req.inst_fifo_req/gen_xpm_memory_fifo.inst_fifo/gen_mem_rep[0].inst_xpm_memory /xpm_memory_base_inst                    | gen_wr_a.gen_word_narrow.mem_reg | User Attribute | 32 x 20              | RAM32M x 4    | 
|inst/i_0/\s00_nodes/s00_ar_node/inst /\inst_mi_handler/gen_normal_area.inst_fifo_node_payld/gen_xpm_memory_fifo.inst_fifo/gen_mem_rep[0].inst_xpm_memory /xpm_memory_base_inst                          | gen_wr_a.gen_word_narrow.mem_reg | User Attribute | 32 x 146             | RAM32M x 25   | 
|inst/i_0/\s00_nodes/s00_aw_node/inst /\inst_mi_handler/gen_normal_area.gen_fifo_req.inst_fifo_req/gen_xpm_memory_fifo.inst_fifo/gen_mem_rep[0].inst_xpm_memory /xpm_memory_base_inst                    | gen_wr_a.gen_word_narrow.mem_reg | User Attribute | 32 x 20              | RAM32M x 4    | 
|inst/i_0/\s00_nodes/s00_aw_node/inst /\inst_mi_handler/gen_normal_area.inst_fifo_node_payld/gen_xpm_memory_fifo.inst_fifo/gen_mem_rep[0].inst_xpm_memory /xpm_memory_base_inst                          | gen_wr_a.gen_word_narrow.mem_reg | User Attribute | 32 x 146             | RAM32M x 25   | 
|inst/i_0/\s00_nodes/s00_b_node/inst /\inst_mi_handler/gen_normal_area.inst_fifo_node_payld/gen_xpm_memory_fifo.inst_fifo/gen_mem_rep[0].inst_xpm_memory /xpm_memory_base_inst                           | gen_wr_a.gen_word_narrow.mem_reg | User Attribute | 32 x 28              | RAM32M x 5    | 
|inst/i_0/\s00_nodes/s00_r_node/inst /\inst_mi_handler/gen_normal_area.inst_fifo_node_payld/gen_xpm_memory_fifo.inst_fifo/gen_mem_rep[0].inst_xpm_memory /xpm_memory_base_inst                           | gen_wr_a.gen_word_narrow.mem_reg | User Attribute | 32 x 74              | RAM32M x 13   | 
|inst/i_0/\s00_nodes/s00_w_node/inst /\inst_mi_handler/gen_normal_area.gen_fifo_req.inst_fifo_req/gen_xpm_memory_fifo.inst_fifo/gen_mem_rep[0].inst_xpm_memory /xpm_memory_base_inst                     | gen_wr_a.gen_word_narrow.mem_reg | User Attribute | 32 x 20              | RAM32M x 4    | 
|inst/i_0/\s00_nodes/s00_w_node/inst /\inst_mi_handler/gen_normal_area.inst_fifo_node_payld/gen_xpm_memory_fifo.inst_fifo/gen_mem_rep[0].inst_xpm_memory /xpm_memory_base_inst                           | gen_wr_a.gen_word_narrow.mem_reg | User Attribute | 32 x 54              | RAM32M x 9    | 
|inst/i_0/\s01_nodes/s01_ar_node/inst /\inst_mi_handler/gen_normal_area.gen_fifo_req.inst_fifo_req/gen_xpm_memory_fifo.inst_fifo/gen_mem_rep[0].inst_xpm_memory /xpm_memory_base_inst                    | gen_wr_a.gen_word_narrow.mem_reg | User Attribute | 32 x 20              | RAM32M x 4    | 
|inst/i_0/\s01_nodes/s01_ar_node/inst /\inst_mi_handler/gen_normal_area.inst_fifo_node_payld/gen_xpm_memory_fifo.inst_fifo/gen_mem_rep[0].inst_xpm_memory /xpm_memory_base_inst                          | gen_wr_a.gen_word_narrow.mem_reg | User Attribute | 32 x 146             | RAM32M x 25   | 
|inst/i_0/\s01_nodes/s01_aw_node/inst /\inst_mi_handler/gen_normal_area.gen_fifo_req.inst_fifo_req/gen_xpm_memory_fifo.inst_fifo/gen_mem_rep[0].inst_xpm_memory /xpm_memory_base_inst                    | gen_wr_a.gen_word_narrow.mem_reg | User Attribute | 32 x 20              | RAM32M x 4    | 
|inst/i_0/\s01_nodes/s01_aw_node/inst /\inst_mi_handler/gen_normal_area.inst_fifo_node_payld/gen_xpm_memory_fifo.inst_fifo/gen_mem_rep[0].inst_xpm_memory /xpm_memory_base_inst                          | gen_wr_a.gen_word_narrow.mem_reg | User Attribute | 32 x 146             | RAM32M x 25   | 
|inst/i_0/\s01_nodes/s01_b_node/inst /\inst_mi_handler/gen_normal_area.inst_fifo_node_payld/gen_xpm_memory_fifo.inst_fifo/gen_mem_rep[0].inst_xpm_memory /xpm_memory_base_inst                           | gen_wr_a.gen_word_narrow.mem_reg | User Attribute | 32 x 28              | RAM32M x 5    | 
|inst/i_0/\s01_nodes/s01_r_node/inst /\inst_mi_handler/gen_normal_area.inst_fifo_node_payld/gen_xpm_memory_fifo.inst_fifo/gen_mem_rep[0].inst_xpm_memory /xpm_memory_base_inst                           | gen_wr_a.gen_word_narrow.mem_reg | User Attribute | 32 x 74              | RAM32M x 13   | 
|inst/i_0/\s01_nodes/s01_w_node/inst /\inst_mi_handler/gen_normal_area.gen_fifo_req.inst_fifo_req/gen_xpm_memory_fifo.inst_fifo/gen_mem_rep[0].inst_xpm_memory /xpm_memory_base_inst                     | gen_wr_a.gen_word_narrow.mem_reg | User Attribute | 32 x 20              | RAM32M x 4    | 
|inst/i_0/\s01_nodes/s01_w_node/inst /\inst_mi_handler/gen_normal_area.inst_fifo_node_payld/gen_xpm_memory_fifo.inst_fifo/gen_mem_rep[0].inst_xpm_memory /xpm_memory_base_inst                           | gen_wr_a.gen_word_narrow.mem_reg | User Attribute | 32 x 54              | RAM32M x 9    | 
+--------------------------------------------------------------------------------------------------------------------------------------------------------------------------------------------------------+----------------------------------+----------------+----------------------+---------------+

Note: The table above is a preliminary report that shows the Distributed RAMs at the current stage of the synthesis flow. Some Distributed RAMs may be reimplemented as non Distributed RAM primitives later in the synthesis flow. Multiple instantiated RAMs are reported only once.
---------------------------------------------------------------------------------
Finished ROM, RAM, DSP, Shift Register and Retiming Reporting
---------------------------------------------------------------------------------
---------------------------------------------------------------------------------
Start Applying XDC Timing Constraints
---------------------------------------------------------------------------------
---------------------------------------------------------------------------------
Finished Applying XDC Timing Constraints : Time (s): cpu = 00:02:33 ; elapsed = 00:02:46 . Memory (MB): peak = 2757.035 ; gain = 1344.426
---------------------------------------------------------------------------------
---------------------------------------------------------------------------------
Start Timing Optimization
---------------------------------------------------------------------------------
---------------------------------------------------------------------------------
Finished Timing Optimization : Time (s): cpu = 00:02:41 ; elapsed = 00:02:55 . Memory (MB): peak = 2757.035 ; gain = 1344.426
---------------------------------------------------------------------------------
---------------------------------------------------------------------------------
Start ROM, RAM, DSP, Shift Register and Retiming Reporting
---------------------------------------------------------------------------------

Distributed RAM: Final Mapping Report
+--------------------------------------------------------------------------------------------------------------------------------------------------------------------------------------------------------+----------------------------------+----------------+----------------------+---------------+
|Module Name                                                                                                                                                                                             | RTL Object                       | Inference      | Size (Depth x Width) | Primitives    | 
+--------------------------------------------------------------------------------------------------------------------------------------------------------------------------------------------------------+----------------------------------+----------------+----------------------+---------------+
|inst/i_0/\m00_nodes/m00_ar_node/inst /\inst_mi_handler/gen_normal_area.inst_fifo_node_payld/gen_xpm_memory_fifo.inst_fifo/gen_mem_rep[0].inst_xpm_memory /xpm_memory_base_inst                          | gen_wr_a.gen_word_narrow.mem_reg | User Attribute | 32 x 164             | RAM32M x 28   | 
|inst/i_0/\m00_nodes/m00_aw_node/inst /\inst_mi_handler/gen_normal_area.inst_fifo_node_payld/gen_xpm_memory_fifo.inst_fifo/gen_mem_rep[0].inst_xpm_memory /xpm_memory_base_inst                          | gen_wr_a.gen_word_narrow.mem_reg | User Attribute | 32 x 164             | RAM32M x 28   | 
|inst/i_0/\m00_nodes/m00_b_node/inst /\inst_mi_handler/gen_normal_area.gen_fifo_req.inst_fifo_req/gen_xpm_memory_fifo.inst_fifo/gen_mem_rep[0].inst_xpm_memory /xpm_memory_base_inst                     | gen_wr_a.gen_word_narrow.mem_reg | User Attribute | 32 x 19              | RAM32M x 4    | 
|inst/i_0/\m00_nodes/m00_b_node/inst /\inst_mi_handler/gen_normal_area.inst_fifo_node_payld/gen_xpm_memory_fifo.inst_fifo/gen_mem_rep[0].inst_xpm_memory /xpm_memory_base_inst                           | gen_wr_a.gen_word_narrow.mem_reg | User Attribute | 32 x 9               | RAM32M x 2    | 
|inst/i_0/\m00_nodes/m00_r_node/inst /\inst_mi_handler/gen_normal_area.gen_fifo_req.inst_fifo_req/gen_xpm_memory_fifo.inst_fifo/gen_mem_rep[0].inst_xpm_memory /xpm_memory_base_inst                     | gen_wr_a.gen_word_narrow.mem_reg | User Attribute | 32 x 19              | RAM32M x 4    | 
|inst/i_0/\m00_nodes/m00_r_node/inst /\inst_mi_handler/gen_normal_area.inst_fifo_node_payld/gen_xpm_memory_fifo.inst_fifo/gen_mem_rep[0].inst_xpm_memory /xpm_memory_base_inst                           | gen_wr_a.gen_word_narrow.mem_reg | User Attribute | 32 x 55              | RAM32M x 10   | 
|inst/i_0/\m00_nodes/m00_w_node/inst /\inst_si_handler/gen_si_handler.gen_request_fifos.gen_req_fifo[0].inst_req_fifo/gen_xpm_memory_fifo.inst_fifo/gen_mem_rep[0].inst_xpm_memory /xpm_memory_base_inst | gen_wr_a.gen_word_narrow.mem_reg | User Attribute | 4 x 1                | RAM16X1D x 1  | 
|inst/i_0/\m00_nodes/m00_w_node/inst /\inst_si_handler/gen_si_handler.gen_request_fifos.gen_req_fifo[1].inst_req_fifo/gen_xpm_memory_fifo.inst_fifo/gen_mem_rep[0].inst_xpm_memory /xpm_memory_base_inst | gen_wr_a.gen_word_narrow.mem_reg | User Attribute | 4 x 1                | RAM16X1D x 1  | 
|inst/i_0/\m00_nodes/m00_w_node/inst /\inst_mi_handler/gen_normal_area.inst_fifo_node_payld/gen_xpm_memory_fifo.inst_fifo/gen_mem_rep[0].inst_xpm_memory /xpm_memory_base_inst                           | gen_wr_a.gen_word_narrow.mem_reg | User Attribute | 32 x 72              | RAM32M x 12   | 
|inst/i_0/\m01_nodes/m01_ar_node/inst /\inst_mi_handler/gen_normal_area.inst_fifo_node_payld/gen_xpm_memory_fifo.inst_fifo/gen_mem_rep[0].inst_xpm_memory /xpm_memory_base_inst                          | gen_wr_a.gen_word_narrow.mem_reg | User Attribute | 32 x 164             | RAM32M x 28   | 
|inst/i_0/\m01_nodes/m01_aw_node/inst /\inst_mi_handler/gen_normal_area.inst_fifo_node_payld/gen_xpm_memory_fifo.inst_fifo/gen_mem_rep[0].inst_xpm_memory /xpm_memory_base_inst                          | gen_wr_a.gen_word_narrow.mem_reg | User Attribute | 32 x 164             | RAM32M x 28   | 
|inst/i_0/\m01_nodes/m01_b_node/inst /\inst_mi_handler/gen_normal_area.gen_fifo_req.inst_fifo_req/gen_xpm_memory_fifo.inst_fifo/gen_mem_rep[0].inst_xpm_memory /xpm_memory_base_inst                     | gen_wr_a.gen_word_narrow.mem_reg | User Attribute | 32 x 19              | RAM32M x 4    | 
|inst/i_0/\m01_nodes/m01_b_node/inst /\inst_mi_handler/gen_normal_area.inst_fifo_node_payld/gen_xpm_memory_fifo.inst_fifo/gen_mem_rep[0].inst_xpm_memory /xpm_memory_base_inst                           | gen_wr_a.gen_word_narrow.mem_reg | User Attribute | 32 x 9               | RAM32M x 2    | 
|inst/i_0/\m01_nodes/m01_r_node/inst /\inst_mi_handler/gen_normal_area.gen_fifo_req.inst_fifo_req/gen_xpm_memory_fifo.inst_fifo/gen_mem_rep[0].inst_xpm_memory /xpm_memory_base_inst                     | gen_wr_a.gen_word_narrow.mem_reg | User Attribute | 32 x 19              | RAM32M x 4    | 
|inst/i_0/\m01_nodes/m01_r_node/inst /\inst_mi_handler/gen_normal_area.inst_fifo_node_payld/gen_xpm_memory_fifo.inst_fifo/gen_mem_rep[0].inst_xpm_memory /xpm_memory_base_inst                           | gen_wr_a.gen_word_narrow.mem_reg | User Attribute | 32 x 55              | RAM32M x 10   | 
|inst/i_0/\m01_nodes/m01_w_node/inst /\inst_si_handler/gen_si_handler.gen_request_fifos.gen_req_fifo[0].inst_req_fifo/gen_xpm_memory_fifo.inst_fifo/gen_mem_rep[0].inst_xpm_memory /xpm_memory_base_inst | gen_wr_a.gen_word_narrow.mem_reg | User Attribute | 4 x 1                | RAM16X1D x 1  | 
|inst/i_0/\m01_nodes/m01_w_node/inst /\inst_si_handler/gen_si_handler.gen_request_fifos.gen_req_fifo[1].inst_req_fifo/gen_xpm_memory_fifo.inst_fifo/gen_mem_rep[0].inst_xpm_memory /xpm_memory_base_inst | gen_wr_a.gen_word_narrow.mem_reg | User Attribute | 4 x 1                | RAM16X1D x 1  | 
|inst/i_0/\m01_nodes/m01_w_node/inst /\inst_mi_handler/gen_normal_area.inst_fifo_node_payld/gen_xpm_memory_fifo.inst_fifo/gen_mem_rep[0].inst_xpm_memory /xpm_memory_base_inst                           | gen_wr_a.gen_word_narrow.mem_reg | User Attribute | 32 x 72              | RAM32M x 12   | 
|inst/i_0/\m02_nodes/m02_ar_node/inst /\inst_mi_handler/gen_normal_area.inst_fifo_node_payld/gen_xpm_memory_fifo.inst_fifo/gen_mem_rep[0].inst_xpm_memory /xpm_memory_base_inst                          | gen_wr_a.gen_word_narrow.mem_reg | User Attribute | 32 x 164             | RAM32M x 28   | 
|inst/i_0/\m02_nodes/m02_aw_node/inst /\inst_mi_handler/gen_normal_area.inst_fifo_node_payld/gen_xpm_memory_fifo.inst_fifo/gen_mem_rep[0].inst_xpm_memory /xpm_memory_base_inst                          | gen_wr_a.gen_word_narrow.mem_reg | User Attribute | 32 x 164             | RAM32M x 28   | 
|inst/i_0/\m02_nodes/m02_b_node/inst /\inst_mi_handler/gen_normal_area.gen_fifo_req.inst_fifo_req/gen_xpm_memory_fifo.inst_fifo/gen_mem_rep[0].inst_xpm_memory /xpm_memory_base_inst                     | gen_wr_a.gen_word_narrow.mem_reg | User Attribute | 32 x 19              | RAM32M x 4    | 
|inst/i_0/\m02_nodes/m02_b_node/inst /\inst_mi_handler/gen_normal_area.inst_fifo_node_payld/gen_xpm_memory_fifo.inst_fifo/gen_mem_rep[0].inst_xpm_memory /xpm_memory_base_inst                           | gen_wr_a.gen_word_narrow.mem_reg | User Attribute | 32 x 9               | RAM32M x 2    | 
|inst/i_0/\m02_nodes/m02_r_node/inst /\inst_mi_handler/gen_normal_area.gen_fifo_req.inst_fifo_req/gen_xpm_memory_fifo.inst_fifo/gen_mem_rep[0].inst_xpm_memory /xpm_memory_base_inst                     | gen_wr_a.gen_word_narrow.mem_reg | User Attribute | 32 x 19              | RAM32M x 4    | 
|inst/i_0/\m02_nodes/m02_r_node/inst /\inst_mi_handler/gen_normal_area.inst_fifo_node_payld/gen_xpm_memory_fifo.inst_fifo/gen_mem_rep[0].inst_xpm_memory /xpm_memory_base_inst                           | gen_wr_a.gen_word_narrow.mem_reg | User Attribute | 32 x 55              | RAM32M x 10   | 
|inst/i_0/\m02_nodes/m02_w_node/inst /\inst_si_handler/gen_si_handler.gen_request_fifos.gen_req_fifo[0].inst_req_fifo/gen_xpm_memory_fifo.inst_fifo/gen_mem_rep[0].inst_xpm_memory /xpm_memory_base_inst | gen_wr_a.gen_word_narrow.mem_reg | User Attribute | 4 x 1                | RAM16X1D x 1  | 
|inst/i_0/\m02_nodes/m02_w_node/inst /\inst_si_handler/gen_si_handler.gen_request_fifos.gen_req_fifo[1].inst_req_fifo/gen_xpm_memory_fifo.inst_fifo/gen_mem_rep[0].inst_xpm_memory /xpm_memory_base_inst | gen_wr_a.gen_word_narrow.mem_reg | User Attribute | 4 x 1                | RAM16X1D x 1  | 
|inst/i_0/\m02_nodes/m02_w_node/inst /\inst_mi_handler/gen_normal_area.inst_fifo_node_payld/gen_xpm_memory_fifo.inst_fifo/gen_mem_rep[0].inst_xpm_memory /xpm_memory_base_inst                           | gen_wr_a.gen_word_narrow.mem_reg | User Attribute | 32 x 72              | RAM32M x 12   | 
|inst/i_0/\s00_nodes/s00_ar_node/inst /\inst_mi_handler/gen_normal_area.gen_fifo_req.inst_fifo_req/gen_xpm_memory_fifo.inst_fifo/gen_mem_rep[0].inst_xpm_memory /xpm_memory_base_inst                    | gen_wr_a.gen_word_narrow.mem_reg | User Attribute | 32 x 20              | RAM32M x 4    | 
|inst/i_0/\s00_nodes/s00_ar_node/inst /\inst_mi_handler/gen_normal_area.inst_fifo_node_payld/gen_xpm_memory_fifo.inst_fifo/gen_mem_rep[0].inst_xpm_memory /xpm_memory_base_inst                          | gen_wr_a.gen_word_narrow.mem_reg | User Attribute | 32 x 146             | RAM32M x 25   | 
|inst/i_0/\s00_nodes/s00_aw_node/inst /\inst_mi_handler/gen_normal_area.gen_fifo_req.inst_fifo_req/gen_xpm_memory_fifo.inst_fifo/gen_mem_rep[0].inst_xpm_memory /xpm_memory_base_inst                    | gen_wr_a.gen_word_narrow.mem_reg | User Attribute | 32 x 20              | RAM32M x 4    | 
|inst/i_0/\s00_nodes/s00_aw_node/inst /\inst_mi_handler/gen_normal_area.inst_fifo_node_payld/gen_xpm_memory_fifo.inst_fifo/gen_mem_rep[0].inst_xpm_memory /xpm_memory_base_inst                          | gen_wr_a.gen_word_narrow.mem_reg | User Attribute | 32 x 146             | RAM32M x 25   | 
|inst/i_0/\s00_nodes/s00_b_node/inst /\inst_mi_handler/gen_normal_area.inst_fifo_node_payld/gen_xpm_memory_fifo.inst_fifo/gen_mem_rep[0].inst_xpm_memory /xpm_memory_base_inst                           | gen_wr_a.gen_word_narrow.mem_reg | User Attribute | 32 x 28              | RAM32M x 5    | 
|inst/i_0/\s00_nodes/s00_r_node/inst /\inst_mi_handler/gen_normal_area.inst_fifo_node_payld/gen_xpm_memory_fifo.inst_fifo/gen_mem_rep[0].inst_xpm_memory /xpm_memory_base_inst                           | gen_wr_a.gen_word_narrow.mem_reg | User Attribute | 32 x 74              | RAM32M x 13   | 
|inst/i_0/\s00_nodes/s00_w_node/inst /\inst_mi_handler/gen_normal_area.gen_fifo_req.inst_fifo_req/gen_xpm_memory_fifo.inst_fifo/gen_mem_rep[0].inst_xpm_memory /xpm_memory_base_inst                     | gen_wr_a.gen_word_narrow.mem_reg | User Attribute | 32 x 20              | RAM32M x 4    | 
|inst/i_0/\s00_nodes/s00_w_node/inst /\inst_mi_handler/gen_normal_area.inst_fifo_node_payld/gen_xpm_memory_fifo.inst_fifo/gen_mem_rep[0].inst_xpm_memory /xpm_memory_base_inst                           | gen_wr_a.gen_word_narrow.mem_reg | User Attribute | 32 x 54              | RAM32M x 9    | 
|inst/i_0/\s01_nodes/s01_ar_node/inst /\inst_mi_handler/gen_normal_area.gen_fifo_req.inst_fifo_req/gen_xpm_memory_fifo.inst_fifo/gen_mem_rep[0].inst_xpm_memory /xpm_memory_base_inst                    | gen_wr_a.gen_word_narrow.mem_reg | User Attribute | 32 x 20              | RAM32M x 4    | 
|inst/i_0/\s01_nodes/s01_ar_node/inst /\inst_mi_handler/gen_normal_area.inst_fifo_node_payld/gen_xpm_memory_fifo.inst_fifo/gen_mem_rep[0].inst_xpm_memory /xpm_memory_base_inst                          | gen_wr_a.gen_word_narrow.mem_reg | User Attribute | 32 x 146             | RAM32M x 25   | 
|inst/i_0/\s01_nodes/s01_aw_node/inst /\inst_mi_handler/gen_normal_area.gen_fifo_req.inst_fifo_req/gen_xpm_memory_fifo.inst_fifo/gen_mem_rep[0].inst_xpm_memory /xpm_memory_base_inst                    | gen_wr_a.gen_word_narrow.mem_reg | User Attribute | 32 x 20              | RAM32M x 4    | 
|inst/i_0/\s01_nodes/s01_aw_node/inst /\inst_mi_handler/gen_normal_area.inst_fifo_node_payld/gen_xpm_memory_fifo.inst_fifo/gen_mem_rep[0].inst_xpm_memory /xpm_memory_base_inst                          | gen_wr_a.gen_word_narrow.mem_reg | User Attribute | 32 x 146             | RAM32M x 25   | 
|inst/i_0/\s01_nodes/s01_b_node/inst /\inst_mi_handler/gen_normal_area.inst_fifo_node_payld/gen_xpm_memory_fifo.inst_fifo/gen_mem_rep[0].inst_xpm_memory /xpm_memory_base_inst                           | gen_wr_a.gen_word_narrow.mem_reg | User Attribute | 32 x 28              | RAM32M x 5    | 
|inst/i_0/\s01_nodes/s01_r_node/inst /\inst_mi_handler/gen_normal_area.inst_fifo_node_payld/gen_xpm_memory_fifo.inst_fifo/gen_mem_rep[0].inst_xpm_memory /xpm_memory_base_inst                           | gen_wr_a.gen_word_narrow.mem_reg | User Attribute | 32 x 74              | RAM32M x 13   | 
|inst/i_0/\s01_nodes/s01_w_node/inst /\inst_mi_handler/gen_normal_area.gen_fifo_req.inst_fifo_req/gen_xpm_memory_fifo.inst_fifo/gen_mem_rep[0].inst_xpm_memory /xpm_memory_base_inst                     | gen_wr_a.gen_word_narrow.mem_reg | User Attribute | 32 x 20              | RAM32M x 4    | 
|inst/i_0/\s01_nodes/s01_w_node/inst /\inst_mi_handler/gen_normal_area.inst_fifo_node_payld/gen_xpm_memory_fifo.inst_fifo/gen_mem_rep[0].inst_xpm_memory /xpm_memory_base_inst                           | gen_wr_a.gen_word_narrow.mem_reg | User Attribute | 32 x 54              | RAM32M x 9    | 
+--------------------------------------------------------------------------------------------------------------------------------------------------------------------------------------------------------+----------------------------------+----------------+----------------------+---------------+

---------------------------------------------------------------------------------
Finished ROM, RAM, DSP, Shift Register and Retiming Reporting
---------------------------------------------------------------------------------
---------------------------------------------------------------------------------
Start Technology Mapping
---------------------------------------------------------------------------------
---------------------------------------------------------------------------------
Finished Technology Mapping : Time (s): cpu = 00:02:49 ; elapsed = 00:03:04 . Memory (MB): peak = 2757.035 ; gain = 1344.426
---------------------------------------------------------------------------------
---------------------------------------------------------------------------------
Start IO Insertion
---------------------------------------------------------------------------------
---------------------------------------------------------------------------------
Start Flattening Before IO Insertion
---------------------------------------------------------------------------------
---------------------------------------------------------------------------------
Finished Flattening Before IO Insertion
---------------------------------------------------------------------------------
---------------------------------------------------------------------------------
Start Final Netlist Cleanup
---------------------------------------------------------------------------------
---------------------------------------------------------------------------------
Finished Final Netlist Cleanup
---------------------------------------------------------------------------------
---------------------------------------------------------------------------------
Finished IO Insertion : Time (s): cpu = 00:02:53 ; elapsed = 00:03:07 . Memory (MB): peak = 2757.035 ; gain = 1344.426
---------------------------------------------------------------------------------
---------------------------------------------------------------------------------
Start Renaming Generated Instances
---------------------------------------------------------------------------------
---------------------------------------------------------------------------------
Finished Renaming Generated Instances : Time (s): cpu = 00:02:53 ; elapsed = 00:03:07 . Memory (MB): peak = 2757.035 ; gain = 1344.426
---------------------------------------------------------------------------------
---------------------------------------------------------------------------------
Start Rebuilding User Hierarchy
---------------------------------------------------------------------------------
---------------------------------------------------------------------------------
Finished Rebuilding User Hierarchy : Time (s): cpu = 00:02:54 ; elapsed = 00:03:09 . Memory (MB): peak = 2757.035 ; gain = 1344.426
---------------------------------------------------------------------------------
---------------------------------------------------------------------------------
Start Renaming Generated Ports
---------------------------------------------------------------------------------
---------------------------------------------------------------------------------
Finished Renaming Generated Ports : Time (s): cpu = 00:02:54 ; elapsed = 00:03:09 . Memory (MB): peak = 2757.035 ; gain = 1344.426
---------------------------------------------------------------------------------
---------------------------------------------------------------------------------
Start Handling Custom Attributes
---------------------------------------------------------------------------------
---------------------------------------------------------------------------------
Finished Handling Custom Attributes : Time (s): cpu = 00:02:54 ; elapsed = 00:03:09 . Memory (MB): peak = 2757.035 ; gain = 1344.426
---------------------------------------------------------------------------------
---------------------------------------------------------------------------------
Start Renaming Generated Nets
---------------------------------------------------------------------------------
---------------------------------------------------------------------------------
Finished Renaming Generated Nets : Time (s): cpu = 00:02:55 ; elapsed = 00:03:09 . Memory (MB): peak = 2757.035 ; gain = 1344.426
---------------------------------------------------------------------------------
---------------------------------------------------------------------------------
Start ROM, RAM, DSP, Shift Register and Retiming Reporting
---------------------------------------------------------------------------------

Dynamic Shift Register Report:
+------------+---------------+--------+------------+--------+---------+--------+--------+--------+
|Module Name | RTL Name      | Length | Data Width | SRL16E | SRLC32E | Mux F7 | Mux F8 | Mux F9 | 
+------------+---------------+--------+------------+--------+---------+--------+--------+--------+
|dsrl        | shift_reg_reg | 16     | 1          | 1      | 0       | 0      | 0      | 0      | 
|dsrl__1     | shift_reg_reg | 32     | 1          | 0      | 1       | 0      | 0      | 0      | 
|dsrl__2     | shift_reg_reg | 4      | 1          | 1      | 0       | 0      | 0      | 0      | 
+------------+---------------+--------+------------+--------+---------+--------+--------+--------+

---------------------------------------------------------------------------------
Finished ROM, RAM, DSP, Shift Register and Retiming Reporting
---------------------------------------------------------------------------------
---------------------------------------------------------------------------------
Start Writing Synthesis Report
---------------------------------------------------------------------------------

Report BlackBoxes: 
+-+--------------+----------+
| |BlackBox name |Instances |
+-+--------------+----------+
+-+--------------+----------+

Report Cell Usage: 
+------+---------+------+
|      |Cell     |Count |
+------+---------+------+
|1     |CARRY4   |    25|
|2     |LUT1     |   376|
|3     |LUT2     |   541|
|4     |LUT3     |  2594|
|5     |LUT4     |  1227|
|6     |LUT5     |  1421|
|7     |LUT6     |  2343|
|8     |MUXF7    |     4|
|9     |RAM16X1D |     6|
|10    |RAM32M   |   201|
|11    |RAM32X1D |    11|
|12    |SRL16    |     1|
|13    |SRL16E   |   299|
|14    |SRLC32E  |   256|
|15    |FDCE     |   177|
|16    |FDR      |     4|
|17    |FDRE     |  8136|
|18    |FDSE     |   417|
+------+---------+------+
---------------------------------------------------------------------------------
Finished Writing Synthesis Report : Time (s): cpu = 00:02:55 ; elapsed = 00:03:09 . Memory (MB): peak = 2757.035 ; gain = 1344.426
---------------------------------------------------------------------------------
Synthesis finished with 0 errors, 0 critical warnings and 9266 warnings.
Synthesis Optimization Runtime : Time (s): cpu = 00:01:48 ; elapsed = 00:02:29 . Memory (MB): peak = 2757.035 ; gain = 186.488
Synthesis Optimization Complete : Time (s): cpu = 00:02:55 ; elapsed = 00:03:09 . Memory (MB): peak = 2757.035 ; gain = 1344.426
INFO: [Project 1-571] Translating synthesized netlist
Netlist sorting complete. Time (s): cpu = 00:00:00 ; elapsed = 00:00:00.438 . Memory (MB): peak = 2757.035 ; gain = 0.000
INFO: [Netlist 29-17] Analyzing 252 Unisim elements for replacement
INFO: [Netlist 29-28] Unisim Transformation completed in 0 CPU seconds
INFO: [Project 1-570] Preparing netlist for logic optimization
INFO: [Opt 31-138] Pushed 0 inverter(s) to 0 load pin(s).
Netlist sorting complete. Time (s): cpu = 00:00:00 ; elapsed = 00:00:00.009 . Memory (MB): peak = 2757.035 ; gain = 0.000
INFO: [Project 1-111] Unisim Transformation Summary:
  A total of 223 instances were transformed.
  FDR => FDRE: 4 instances
  RAM16X1D => RAM32X1D (RAMD32(x2)): 6 instances
  RAM32M => RAM32M (RAMD32(x6), RAMS32(x2)): 201 instances
  RAM32X1D => RAM32X1D (RAMD32(x2)): 11 instances
  SRL16 => SRL16E: 1 instance 

Synth Design complete, checksum: ed39206
INFO: [Common 17-83] Releasing license: Synthesis
240 Infos, 163 Warnings, 0 Critical Warnings and 0 Errors encountered.
synth_design completed successfully
synth_design: Time (s): cpu = 00:03:04 ; elapsed = 00:03:20 . Memory (MB): peak = 2757.035 ; gain = 1344.426
INFO: [Common 17-1381] The checkpoint 'C:/vivado_tutorial/project_3/project_3.runs/axi_bram_bd_axi_smc_0_synth_1/axi_bram_bd_axi_smc_0.dcp' has been generated.
INFO: [Coretcl 2-1648] Added synthesis output to IP cache for IP axi_bram_bd_axi_smc_0, cache-ID = 0c162903b18902c7
INFO: [Coretcl 2-1174] Renamed 1341 cell refs.
INFO: [Common 17-1381] The checkpoint 'C:/vivado_tutorial/project_3/project_3.runs/axi_bram_bd_axi_smc_0_synth_1/axi_bram_bd_axi_smc_0.dcp' has been generated.
INFO: [runtcl-4] Executing : report_utilization -file axi_bram_bd_axi_smc_0_utilization_synth.rpt -pb axi_bram_bd_axi_smc_0_utilization_synth.pb
INFO: [Common 17-206] Exiting Vivado at Tue Aug  4 01:08:28 2026...
